datetime,Vancouver,Portland,San Francisco,Seattle,Los Angeles,San Diego,Las Vegas,Phoenix,Albuquerque,Denver,San Antonio,Dallas,Houston,Kansas City,Minneapolis,Saint Louis,Chicago,Nashville,Indianapolis,Atlanta,Detroit,Jacksonville,Charlotte,Miami,Pittsburgh,Toronto,Philadelphia,New York,Montreal,Boston
2015-10-01,3.0,2.0,7.0,4.0,6.0,5.0,13.0,6.0,4.0,3.0,4.0,5.0,5.0,6.0,4.0,7.0,11.0,7.0,9.0,4.0,7.0,4.0,5.0,7.0,6.0,7.0,7.0,8.0,8.0,6.0
2015-10-02,5.0,5.0,8.0,3.0,6.0,5.0,10.0,6.0,9.0,9.0,4.0,6.0,6.0,6.0,5.0,8.0,12.0,6.0,13.0,6.0,9.0,7.0,7.0,4.0,7.0,10.0,12.0,9.0,10.0,9.0
2015-10-03,6.0,5.0,15.0,8.0,9.0,5.0,7.0,5.0,11.0,8.0,3.0,6.0,8.0,6.0,5.0,7.0,11.0,6.0,7.0,5.0,11.0,7.0,10.0,7.0,7.0,14.0,11.0,12.0,9.0,10.0
2015-10-04,4.0,5.0,12.0,5.0,5.0,5.0,9.0,9.0,11.0,8.0,4.0,3.0,6.0,5.0,4.0,6.0,10.0,6.0,6.0,6.0,6.0,5.0,9.0,9.0,6.0,10.0,11.0,9.0,6.0,8.0
2015-10-05,4.0,5.0,7.0,6.0,4.0,4.0,8.0,7.0,7.0,6.0,4.0,5.0,5.0,4.0,3.0,5.0,6.0,4.0,5.0,7.0,3.0,9.0,7.0,8.0,5.0,5.0,6.0,6.0,3.0,5.0
2015-10-06,5.0,5.0,8.0,6.0,5.0,5.0,5.0,9.0,6.0,5.0,3.0,5.0,3.0,2.0,4.0,5.0,4.0,4.0,4.0,5.0,5.0,7.0,5.0,4.0,2.0,5.0,2.0,4.0,5.0,8.0
2015-10-07,5.0,3.0,6.0,5.0,6.0,5.0,4.0,4.0,7.0,4.0,4.0,3.0,3.0,2.0,3.0,2.0,6.0,3.0,3.0,2.0,5.0,5.0,2.0,4.0,2.0,5.0,3.0,5.0,8.0,6.0
2015-10-08,4.0,3.0,9.0,4.0,5.0,6.0,6.0,4.0,9.0,4.0,5.0,3.0,2.0,6.0,6.0,3.0,7.0,3.0,6.0,2.0,3.0,5.0,3.0,5.0,4.0,7.0,2.0,5.0,5.0,4.0
2015-10-09,6.0,3.0,8.0,4.0,4.0,4.0,5.0,5.0,9.0,8.0,5.0,8.0,2.0,5.0,7.0,6.0,7.0,8.0,8.0,4.0,5.0,6.0,5.0,5.0,7.0,8.0,4.0,9.0,6.0,7.0
2015-10-10,9.0,9.0,9.0,12.0,6.0,5.0,5.0,4.0,4.0,4.0,5.0,7.0,4.0,5.0,6.0,5.0,5.0,7.0,7.0,6.0,4.0,6.0,5.0,5.0,5.0,5.0,6.0,6.0,6.0,8.0
2015-10-11,9.0,4.0,9.0,10.0,5.0,4.0,5.0,3.0,9.0,11.0,5.0,6.0,4.0,7.0,6.0,4.0,8.0,3.0,6.0,6.0,6.0,5.0,5.0,4.0,5.0,11.0,3.0,5.0,9.0,7.0
2015-10-12,5.0,4.0,11.0,5.0,5.0,5.0,4.0,5.0,7.0,7.0,6.0,7.0,6.0,7.0,11.0,7.0,9.0,6.0,7.0,4.0,8.0,4.0,4.0,3.0,5.0,8.0,3.0,6.0,6.0,5.0
2015-10-13,6.0,3.0,6.0,5.0,7.0,5.0,2.0,5.0,4.0,4.0,7.0,4.0,4.0,4.0,8.0,6.0,9.0,5.0,8.0,5.0,8.0,7.0,5.0,5.0,7.0,12.0,4.0,5.0,9.0,8.0
2015-10-14,3.0,5.0,7.0,6.0,6.0,6.0,3.0,5.0,3.0,4.0,3.0,5.0,3.0,4.0,6.0,4.0,6.0,4.0,7.0,4.0,5.0,5.0,4.0,4.0,6.0,8.0,3.0,4.0,10.0,5.0
2015-10-15,4.0,7.0,7.0,7.0,5.0,5.0,7.0,6.0,3.0,5.0,4.0,7.0,4.0,7.0,8.0,6.0,8.0,3.0,7.0,2.0,6.0,4.0,4.0,6.0,6.0,12.0,6.0,10.0,8.0,4.0
2015-10-16,3.0,6.0,6.0,3.0,5.0,4.0,7.0,4.0,12.0,6.0,5.0,7.0,4.0,4.0,8.0,6.0,9.0,4.0,8.0,7.0,8.0,2.0,4.0,6.0,7.0,10.0,7.0,7.0,9.0,7.0
2015-10-17,4.0,3.0,6.0,4.0,5.0,4.0,4.0,4.0,4.0,6.0,5.0,5.0,6.0,4.0,4.0,6.0,6.0,4.0,4.0,6.0,6.0,6.0,4.0,4.0,6.0,6.0,3.0,6.0,8.0,8.0
2015-10-18,3.0,3.0,8.0,4.0,5.0,4.0,10.0,5.0,5.0,9.0,4.0,6.0,6.0,6.0,6.0,5.0,5.0,5.0,3.0,5.0,6.0,11.0,5.0,6.0,4.0,4.0,3.0,8.0,6.0,8.0
2015-10-19,6.0,4.0,6.0,5.0,6.0,4.0,6.0,3.0,5.0,8.0,4.0,6.0,4.0,8.0,6.0,6.0,10.0,3.0,7.0,4.0,8.0,10.0,4.0,9.0,6.0,11.0,5.0,5.0,7.0,7.0
2015-10-20,5.0,3.0,10.0,3.0,4.0,4.0,7.0,6.0,6.0,3.0,5.0,7.0,7.0,9.0,5.0,5.0,8.0,5.0,8.0,3.0,8.0,9.0,2.0,8.0,6.0,10.0,7.0,7.0,12.0,6.0
2015-10-21,4.0,2.0,9.0,3.0,5.0,4.0,8.0,3.0,9.0,6.0,6.0,7.0,8.0,6.0,7.0,4.0,9.0,5.0,8.0,3.0,5.0,7.0,3.0,8.0,5.0,8.0,3.0,6.0,6.0,5.0
2015-10-22,4.0,4.0,6.0,3.0,5.0,4.0,3.0,3.0,5.0,4.0,9.0,7.0,8.0,4.0,4.0,4.0,5.0,3.0,5.0,2.0,7.0,7.0,2.0,8.0,5.0,8.0,5.0,5.0,10.0,6.0
2015-10-23,5.0,4.0,8.0,4.0,5.0,3.0,3.0,3.0,3.0,4.0,6.0,7.0,6.0,6.0,7.0,6.0,8.0,2.0,5.0,1.0,4.0,4.0,2.0,8.0,3.0,7.0,6.0,8.0,8.0,9.0
2015-10-24,5.0,1.0,1.0,3.0,1.0,2.0,1.0,3.0,2.0,2.0,9.0,8.0,6.0,6.0,8.0,7.0,8.0,4.0,5.0,2.0,8.0,3.0,3.0,7.0,3.0,7.0,2.0,7.0,9.0,5.0
2015-10-25,5.0,3.0,3.0,2.0,1.0,1.0,1.0,6.0,1.0,2.0,10.0,7.0,8.0,3.0,5.0,5.0,7.0,3.0,4.0,2.0,7.0,3.0,3.0,5.0,4.0,8.0,4.0,9.0,10.0,6.0
2015-10-26,6.0,3.0,3.0,5.0,1.0,2.0,1.0,2.0,2.0,2.0,7.0,6.0,8.0,4.0,3.0,6.0,4.0,4.0,4.0,7.0,2.0,5.0,6.0,5.0,2.0,4.0,3.0,9.0,6.0,7.0
2015-10-27,4.0,2.0,5.0,5.0,3.0,4.0,3.0,4.0,3.0,9.0,4.0,4.0,5.0,3.0,6.0,6.0,7.0,5.0,6.0,7.0,5.0,5.0,6.0,7.0,5.0,9.0,4.0,4.0,5.0,5.0
2015-10-28,4.0,6.0,6.0,4.0,4.0,3.0,5.0,5.0,8.0,8.0,7.0,9.0,6.0,7.0,8.0,9.0,8.0,6.0,7.0,6.0,8.0,6.0,5.0,6.0,6.0,11.0,7.0,6.0,8.0,8.0
2015-10-29,4.0,4.0,9.0,7.0,4.0,6.0,6.0,5.0,4.0,4.0,5.0,3.0,9.0,5.0,9.0,6.0,10.0,6.0,9.0,5.0,9.0,5.0,4.0,6.0,9.0,15.0,11.0,9.0,17.0,9.0
2015-10-30,8.0,11.0,8.0,10.0,6.0,6.0,10.0,5.0,5.0,5.0,10.0,9.0,10.0,4.0,5.0,5.0,3.0,3.0,4.0,4.0,4.0,4.0,4.0,6.0,5.0,10.0,6.0,7.0,11.0,7.0
2015-10-31,6.0,7.0,5.0,11.0,5.0,5.0,7.0,4.0,5.0,12.0,4.0,9.0,7.0,4.0,7.0,6.0,7.0,5.0,6.0,4.0,5.0,3.0,2.0,5.0,4.0,4.0,2.0,5.0,4.0,4.0
2015-11-01,9.0,6.0,6.0,9.0,4.0,4.0,4.0,2.0,3.0,8.0,4.0,5.0,4.0,4.0,6.0,3.0,6.0,6.0,5.0,5.0,9.0,5.0,2.0,5.0,7.0,12.0,7.0,6.0,10.0,7.0
2015-11-02,8.0,5.0,9.0,8.0,7.0,5.0,14.0,5.0,4.0,5.0,3.0,4.0,4.0,5.0,3.0,3.0,6.0,4.0,4.0,3.0,5.0,4.0,4.0,4.0,3.0,5.0,2.0,4.0,12.0,4.0
2015-11-03,6.0,2.0,8.0,4.0,5.0,7.0,13.0,6.0,7.0,11.0,4.0,4.0,3.0,6.0,6.0,4.0,4.0,2.0,3.0,5.0,3.0,5.0,5.0,4.0,2.0,3.0,2.0,3.0,4.0,6.0
2015-11-04,4.0,5.0,4.0,3.0,9.0,7.0,7.0,7.0,11.0,9.0,5.0,6.0,5.0,9.0,6.0,5.0,6.0,3.0,5.0,4.0,4.0,5.0,4.0,6.0,3.0,7.0,2.0,3.0,4.0,4.0
2015-11-05,5.0,3.0,4.0,4.0,5.0,5.0,7.0,5.0,11.0,7.0,8.0,6.0,7.0,8.0,8.0,6.0,9.0,5.0,7.0,4.0,5.0,6.0,3.0,8.0,4.0,4.0,2.0,2.0,5.0,4.0
2015-11-06,5.0,3.0,4.0,6.0,5.0,5.0,8.0,5.0,5.0,6.0,7.0,5.0,5.0,6.0,6.0,7.0,9.0,6.0,9.0,3.0,11.0,4.0,4.0,5.0,7.0,14.0,7.0,8.0,12.0,7.0
2015-11-07,8.0,4.0,4.0,6.0,4.0,5.0,7.0,4.0,11.0,5.0,7.0,6.0,8.0,3.0,5.0,5.0,7.0,5.0,6.0,3.0,8.0,3.0,5.0,6.0,6.0,9.0,3.0,5.0,10.0,7.0
2015-11-08,4.0,5.0,4.0,7.0,4.0,4.0,4.0,5.0,7.0,4.0,6.0,5.0,7.0,4.0,8.0,5.0,5.0,7.0,3.0,7.0,4.0,8.0,6.0,5.0,2.0,6.0,4.0,6.0,7.0,6.0
2015-11-09,8.0,3.0,11.0,3.0,8.0,4.0,10.0,3.0,4.0,3.0,4.0,3.0,3.0,3.0,6.0,2.0,4.0,4.0,3.0,6.0,2.0,7.0,5.0,4.0,4.0,5.0,2.0,2.0,8.0,5.0
2015-11-10,6.0,5.0,5.0,4.0,11.0,6.0,8.0,7.0,7.0,6.0,4.0,6.0,3.0,7.0,6.0,4.0,3.0,3.0,4.0,4.0,4.0,4.0,5.0,3.0,5.0,9.0,6.0,6.0,4.0,5.0
2015-11-11,8.0,5.0,4.0,8.0,7.0,5.0,7.0,6.0,12.0,10.0,5.0,7.0,7.0,12.0,5.0,7.0,9.0,5.0,6.0,2.0,4.0,4.0,3.0,4.0,4.0,6.0,6.0,8.0,5.0,7.0
2015-11-12,8.0,6.0,8.0,9.0,2.0,6.0,5.0,4.0,8.0,17.0,6.0,6.0,6.0,11.0,12.0,13.0,13.0,9.0,13.0,7.0,14.0,5.0,7.0,5.0,11.0,11.0,3.0,5.0,8.0,6.0
2015-11-13,10.0,9.0,7.0,9.0,4.0,3.0,5.0,4.0,5.0,4.0,6.0,4.0,4.0,4.0,11.0,8.0,11.0,6.0,9.0,8.0,10.0,5.0,5.0,3.0,10.0,17.0,5.0,12.0,9.0,8.0
2015-11-14,4.0,8.0,4.0,6.0,2.0,3.0,5.0,3.0,3.0,3.0,4.0,6.0,4.0,9.0,3.0,4.0,8.0,3.0,5.0,5.0,8.0,7.0,4.0,6.0,8.0,8.0,7.0,11.0,9.0,8.0
2015-11-15,11.0,8.0,9.0,7.0,11.0,5.0,11.0,3.0,4.0,7.0,5.0,7.0,5.0,7.0,5.0,5.0,6.0,3.0,5.0,4.0,6.0,6.0,4.0,7.0,7.0,5.0,5.0,7.0,8.0,6.0
2015-11-16,11.0,4.0,12.0,6.0,7.0,7.0,10.0,9.0,6.0,5.0,7.0,7.0,6.0,9.0,8.0,6.0,7.0,3.0,4.0,3.0,4.0,5.0,2.0,6.0,5.0,5.0,4.0,4.0,4.0,6.0
2015-11-17,12.0,9.0,6.0,13.0,7.0,5.0,9.0,4.0,10.0,11.0,8.0,10.0,10.0,7.0,8.0,10.0,10.0,11.0,8.0,6.0,5.0,8.0,3.0,8.0,7.0,12.0,5.0,6.0,5.0,7.0
2015-11-18,13.0,8.0,10.0,5.0,4.0,4.0,4.0,4.0,12.0,19.0,5.0,5.0,3.0,10.0,10.0,11.0,16.0,11.0,12.0,8.0,8.0,6.0,5.0,9.0,7.0,9.0,4.0,5.0,5.0,4.0
2015-11-19,7.0,5.0,7.0,5.0,4.0,4.0,3.0,3.0,8.0,8.0,2.0,4.0,3.0,7.0,12.0,7.0,12.0,4.0,7.0,5.0,10.0,5.0,6.0,6.0,8.0,13.0,6.0,8.0,9.0,6.0
2015-11-20,7.0,4.0,5.0,3.0,3.0,4.0,3.0,3.0,3.0,8.0,4.0,5.0,6.0,6.0,11.0,6.0,7.0,7.0,6.0,5.0,8.0,7.0,5.0,8.0,6.0,11.0,8.0,8.0,8.0,10.0
2015-11-21,3.0,8.0,5.0,3.0,4.0,2.0,8.0,5.0,8.0,6.0,12.0,13.0,11.0,8.0,4.0,12.0,10.0,9.0,8.0,5.0,5.0,6.0,3.0,7.0,7.0,9.0,3.0,6.0,7.0,7.0
2015-11-22,3.0,3.0,6.0,3.0,2.0,5.0,3.0,10.0,3.0,10.0,7.0,3.0,9.0,7.0,4.0,7.0,6.0,8.0,8.0,7.0,9.0,5.0,6.0,7.0,8.0,10.0,5.0,7.0,13.0,9.0
2015-11-23,3.0,4.0,4.0,3.0,5.0,3.0,2.0,6.0,5.0,3.0,3.0,4.0,3.0,6.0,5.0,5.0,8.0,4.0,7.0,6.0,6.0,7.0,5.0,8.0,4.0,6.0,8.0,8.0,7.0,9.0
2015-11-24,7.0,4.0,7.0,4.0,4.0,4.0,10.0,5.0,4.0,6.0,3.0,5.0,5.0,8.0,6.0,5.0,5.0,3.0,4.0,2.0,5.0,6.0,3.0,8.0,3.0,6.0,3.0,5.0,3.0,5.0
2015-11-25,4.0,3.0,7.0,5.0,10.0,6.0,11.0,6.0,7.0,5.0,5.0,7.0,6.0,8.0,5.0,7.0,7.0,8.0,8.0,6.0,5.0,7.0,3.0,11.0,3.0,4.0,2.0,4.0,3.0,3.0
2015-11-26,4.0,4.0,6.0,3.0,6.0,5.0,6.0,3.0,13.0,6.0,6.0,7.0,9.0,7.0,7.0,9.0,9.0,7.0,8.0,5.0,8.0,8.0,4.0,11.0,4.0,6.0,3.0,6.0,9.0,6.0
2015-11-27,2.0,8.0,6.0,3.0,5.0,4.0,9.0,3.0,15.0,5.0,7.0,8.0,7.0,8.0,7.0,8.0,9.0,5.0,7.0,4.0,7.0,7.0,3.0,9.0,6.0,8.0,5.0,5.0,11.0,7.0
2015-11-28,3.0,5.0,5.0,2.0,3.0,2.0,5.0,3.0,15.0,4.0,6.0,7.0,5.0,7.0,3.0,6.0,10.0,5.0,6.0,2.0,6.0,4.0,3.0,7.0,3.0,8.0,2.0,4.0,6.0,5.0
2015-11-29,3.0,7.0,4.0,1.0,5.0,5.0,4.0,4.0,6.0,2.0,4.0,6.0,6.0,5.0,3.0,5.0,5.0,5.0,5.0,2.0,3.0,4.0,2.0,8.0,4.0,4.0,3.0,6.0,6.0,3.0
2015-11-30,3.0,5.0,3.0,2.0,4.0,4.0,3.0,4.0,10.0,3.0,3.0,4.0,3.0,4.0,6.0,4.0,6.0,4.0,4.0,2.0,5.0,3.0,3.0,7.0,5.0,9.0,4.0,6.0,7.0,6.0
2015-12-01,6.0,8.0,4.0,4.0,3.0,5.0,3.0,4.0,8.0,10.0,4.0,4.0,4.0,7.0,5.0,8.0,6.0,5.0,6.0,2.0,4.0,3.0,4.0,5.0,6.0,11.0,4.0,4.0,4.0,3.0
2015-12-02,8.0,11.0,3.0,3.0,4.0,4.0,2.0,4.0,7.0,8.0,4.0,6.0,5.0,5.0,3.0,8.0,5.0,6.0,6.0,4.0,2.0,5.0,5.0,4.0,4.0,4.0,3.0,3.0,4.0,4.0
2015-12-03,7.0,8.0,7.0,3.0,4.0,2.0,2.0,5.0,3.0,6.0,3.0,2.0,5.0,2.0,3.0,7.0,6.0,4.0,4.0,4.0,6.0,6.0,6.0,2.0,5.0,8.0,7.0,8.0,5.0,8.0
2015-12-04,9.0,8.0,5.0,5.0,5.0,3.0,3.0,5.0,3.0,8.0,3.0,3.0,4.0,6.0,3.0,4.0,6.0,3.0,3.0,4.0,7.0,10.0,4.0,4.0,5.0,10.0,5.0,6.0,8.0,5.0
2015-12-05,10.0,8.0,3.0,9.0,3.0,3.0,4.0,3.0,6.0,4.0,3.0,4.0,3.0,7.0,6.0,3.0,4.0,3.0,3.0,6.0,4.0,8.0,5.0,6.0,3.0,5.0,2.0,5.0,6.0,6.0
2015-12-06,8.0,9.0,5.0,7.0,3.0,4.0,3.0,6.0,6.0,4.0,3.0,4.0,2.0,5.0,3.0,4.0,6.0,3.0,3.0,3.0,3.0,7.0,3.0,10.0,3.0,5.0,2.0,4.0,6.0,6.0
2015-12-07,12.0,9.0,3.0,12.0,3.0,2.0,3.0,4.0,3.0,13.0,3.0,4.0,3.0,6.0,8.0,4.0,4.0,3.0,4.0,6.0,3.0,6.0,4.0,7.0,3.0,3.0,3.0,3.0,5.0,5.0
2015-12-08,10.0,7.0,2.0,8.0,2.0,3.0,4.0,4.0,3.0,21.0,4.0,6.0,5.0,4.0,4.0,4.0,6.0,5.0,5.0,3.0,4.0,3.0,4.0,5.0,3.0,5.0,2.0,5.0,5.0,6.0
2015-12-09,6.0,11.0,4.0,10.0,2.0,3.0,2.0,3.0,5.0,9.0,4.0,3.0,4.0,4.0,3.0,6.0,5.0,5.0,7.0,5.0,6.0,3.0,4.0,3.0,5.0,4.0,5.0,4.0,6.0,4.0
2015-12-10,11.0,8.0,8.0,11.0,2.0,3.0,11.0,4.0,3.0,11.0,4.0,6.0,8.0,7.0,8.0,6.0,11.0,5.0,7.0,2.0,6.0,2.0,5.0,2.0,4.0,7.0,4.0,3.0,8.0,5.0
2015-12-11,7.0,8.0,5.0,8.0,12.0,7.0,8.0,5.0,8.0,8.0,4.0,7.0,9.0,8.0,7.0,6.0,8.0,5.0,5.0,3.0,8.0,2.0,4.0,5.0,6.0,11.0,4.0,4.0,10.0,7.0
2015-12-12,11.0,6.0,5.0,5.0,7.0,6.0,10.0,6.0,7.0,5.0,10.0,11.0,10.0,5.0,5.0,5.0,3.0,6.0,6.0,3.0,3.0,4.0,4.0,7.0,4.0,7.0,2.0,5.0,9.0,4.0
2015-12-13,13.0,5.0,11.0,12.0,5.0,4.0,6.0,5.0,11.0,5.0,10.0,10.0,13.0,9.0,5.0,10.0,7.0,10.0,6.0,5.0,4.0,6.0,4.0,8.0,2.0,10.0,2.0,3.0,5.0,4.0
2015-12-14,13.0,6.0,8.0,6.0,5.0,11.0,9.0,7.0,6.0,4.0,7.0,5.0,5.0,9.0,10.0,10.0,11.0,12.0,12.0,6.0,7.0,6.0,8.0,6.0,4.0,6.0,4.0,4.0,7.0,3.0
2015-12-15,5.0,3.0,6.0,4.0,7.0,4.0,10.0,4.0,13.0,9.0,4.0,5.0,7.0,6.0,5.0,8.0,5.0,4.0,11.0,4.0,6.0,3.0,5.0,4.0,6.0,12.0,10.0,11.0,7.0,11.0
2015-12-16,8.0,3.0,6.0,6.0,4.0,3.0,6.0,4.0,8.0,9.0,6.0,6.0,6.0,7.0,9.0,6.0,10.0,5.0,7.0,2.0,5.0,3.0,3.0,4.0,5.0,7.0,3.0,9.0,4.0,6.0
2015-12-17,5.0,13.0,5.0,5.0,4.0,4.0,4.0,4.0,7.0,9.0,6.0,6.0,4.0,4.0,9.0,8.0,9.0,4.0,7.0,5.0,7.0,6.0,3.0,5.0,8.0,6.0,3.0,3.0,6.0,6.0
2015-12-18,4.0,10.0,7.0,6.0,4.0,4.0,3.0,4.0,7.0,5.0,4.0,6.0,7.0,7.0,8.0,8.0,9.0,6.0,9.0,7.0,7.0,8.0,5.0,4.0,5.0,9.0,6.0,7.0,7.0,5.0
2015-12-19,8.0,4.0,7.0,7.0,3.0,4.0,3.0,4.0,2.0,7.0,5.0,6.0,5.0,5.0,5.0,5.0,7.0,3.0,7.0,4.0,6.0,10.0,5.0,9.0,7.0,11.0,8.0,11.0,10.0,9.0
2015-12-20,9.0,5.0,5.0,9.0,3.0,5.0,4.0,2.0,11.0,6.0,6.0,7.0,6.0,9.0,6.0,8.0,9.0,4.0,8.0,3.0,9.0,5.0,3.0,8.0,4.0,9.0,6.0,7.0,8.0,7.0
2015-12-21,9.0,15.0,7.0,6.0,6.0,3.0,5.0,4.0,9.0,6.0,4.0,8.0,5.0,7.0,5.0,8.0,9.0,8.0,9.0,3.0,7.0,4.0,2.0,11.0,6.0,6.0,6.0,6.0,5.0,6.0
2015-12-22,8.0,5.0,9.0,4.0,3.0,8.0,8.0,5.0,9.0,6.0,6.0,5.0,5.0,6.0,7.0,5.0,6.0,7.0,4.0,3.0,6.0,5.0,2.0,8.0,5.0,5.0,5.0,5.0,4.0,5.0
2015-12-23,7.0,6.0,6.0,8.0,4.0,8.0,3.0,6.0,8.0,5.0,7.0,8.0,7.0,11.0,7.0,8.0,11.0,10.0,10.0,5.0,6.0,6.0,4.0,7.0,5.0,8.0,3.0,4.0,8.0,5.0
2015-12-24,6.0,5.0,7.0,10.0,7.0,3.0,6.0,4.0,8.0,10.0,3.0,3.0,5.0,6.0,10.0,8.0,9.0,13.0,10.0,5.0,7.0,5.0,7.0,6.0,5.0,11.0,7.0,9.0,15.0,9.0
2015-12-25,7.0,3.0,6.0,2.0,9.0,8.0,13.0,5.0,13.0,3.0,3.0,4.0,6.0,6.0,4.0,5.0,5.0,8.0,6.0,7.0,4.0,4.0,4.0,9.0,2.0,7.0,3.0,2.0,10.0,5.0
2015-12-26,4.0,4.0,6.0,1.0,14.0,9.0,14.0,9.0,9.0,11.0,8.0,11.0,11.0,7.0,6.0,8.0,7.0,9.0,6.0,4.0,6.0,3.0,4.0,8.0,8.0,10.0,7.0,6.0,3.0,6.0
2015-12-27,7.0,9.0,6.0,5.0,5.0,6.0,11.0,7.0,12.0,4.0,8.0,10.0,15.0,11.0,6.0,9.0,9.0,10.0,8.0,4.0,6.0,5.0,5.0,8.0,7.0,10.0,7.0,7.0,8.0,4.0
2015-12-28,3.0,8.0,8.0,2.0,5.0,4.0,2.0,4.0,3.0,4.0,10.0,9.0,10.0,12.0,7.0,12.0,12.0,11.0,12.0,9.0,12.0,6.0,5.0,8.0,7.0,15.0,8.0,7.0,8.0,7.0
2015-12-29,4.0,6.0,6.0,2.0,10.0,2.0,6.0,7.0,3.0,4.0,4.0,5.0,4.0,7.0,6.0,10.0,9.0,7.0,8.0,4.0,8.0,7.0,6.0,7.0,9.0,18.0,8.0,10.0,15.0,7.0
2015-12-30,4.0,8.0,2.0,5.0,3.0,2.0,2.0,5.0,4.0,3.0,3.0,3.0,5.0,3.0,4.0,4.0,6.0,3.0,5.0,3.0,4.0,4.0,3.0,7.0,3.0,8.0,3.0,3.0,7.0,5.0
2015-12-31,3.0,13.0,7.0,4.0,2.0,5.0,6.0,4.0,3.0,3.0,3.0,5.0,6.0,4.0,6.0,5.0,7.0,5.0,5.0,6.0,6.0,5.0,4.0,6.0,4.0,9.0,4.0,6.0,6.0,5.0
2016-01-01,5.0,13.0,6.0,4.0,5.0,3.0,7.0,4.0,11.0,4.0,6.0,6.0,7.0,5.0,6.0,7.0,8.0,4.0,7.0,6.0,8.0,5.0,3.0,5.0,8.0,11.0,5.0,8.0,8.0,6.0
2016-01-02,3.0,17.0,3.0,2.0,2.0,3.0,3.0,8.0,3.0,3.0,5.0,3.0,4.0,4.0,4.0,6.0,6.0,3.0,6.0,5.0,6.0,6.0,4.0,4.0,6.0,11.0,4.0,7.0,12.0,6.0
2016-01-03,4.0,10.0,5.0,4.0,3.0,6.0,3.0,10.0,6.0,4.0,4.0,5.0,4.0,4.0,7.0,6.0,8.0,3.0,5.0,4.0,6.0,5.0,4.0,5.0,7.0,11.0,4.0,7.0,8.0,6.0
2016-01-04,4.0,8.0,7.0,4.0,4.0,4.0,3.0,8.0,3.0,3.0,4.0,3.0,3.0,5.0,2.0,7.0,7.0,8.0,6.0,7.0,4.0,5.0,6.0,6.0,6.0,6.0,8.0,9.0,6.0,7.0
2016-01-05,4.0,11.0,11.0,4.0,4.0,7.0,7.0,7.0,3.0,4.0,3.0,5.0,5.0,5.0,7.0,5.0,7.0,4.0,4.0,6.0,5.0,10.0,4.0,8.0,5.0,7.0,7.0,10.0,7.0,10.0
2016-01-06,7.0,2.0,8.0,4.0,8.0,9.0,10.0,7.0,3.0,4.0,3.0,6.0,5.0,5.0,3.0,5.0,5.0,4.0,4.0,5.0,4.0,10.0,3.0,9.0,3.0,8.0,2.0,4.0,7.0,6.0
2016-01-07,8.0,4.0,6.0,3.0,5.0,8.0,7.0,6.0,6.0,3.0,4.0,5.0,3.0,5.0,4.0,6.0,4.0,3.0,5.0,5.0,3.0,6.0,4.0,5.0,2.0,7.0,2.0,4.0,4.0,3.0
2016-01-08,2.0,3.0,4.0,3.0,12.0,5.0,4.0,5.0,6.0,4.0,3.0,4.0,3.0,6.0,4.0,5.0,4.0,6.0,5.0,4.0,3.0,4.0,4.0,6.0,3.0,9.0,3.0,5.0,5.0,5.0
2016-01-09,4.0,9.0,4.0,2.0,3.0,3.0,3.0,3.0,6.0,2.0,8.0,8.0,10.0,9.0,7.0,7.0,5.0,6.0,4.0,4.0,4.0,6.0,4.0,5.0,4.0,3.0,4.0,4.0,8.0,4.0
2016-01-10,4.0,8.0,9.0,2.0,4.0,3.0,3.0,2.0,5.0,4.0,5.0,8.0,7.0,7.0,7.0,11.0,10.0,8.0,10.0,8.0,12.0,10.0,7.0,6.0,10.0,10.0,6.0,9.0,7.0,10.0
2016-01-11,5.0,8.0,3.0,5.0,4.0,2.0,6.0,5.0,6.0,4.0,3.0,4.0,3.0,5.0,4.0,4.0,7.0,5.0,7.0,5.0,9.0,6.0,6.0,6.0,9.0,13.0,9.0,11.0,17.0,6.0
2016-01-12,5.0,6.0,6.0,7.0,5.0,1.0,4.0,6.0,4.0,13.0,2.0,4.0,2.0,7.0,6.0,11.0,11.0,7.0,12.0,6.0,9.0,5.0,7.0,6.0,6.0,11.0,4.0,5.0,6.0,8.0
2016-01-13,5.0,8.0,11.0,6.0,4.0,4.0,3.0,4.0,4.0,7.0,3.0,7.0,3.0,5.0,3.0,5.0,6.0,4.0,7.0,4.0,6.0,4.0,4.0,6.0,10.0,9.0,13.0,12.0,11.0,8.0
2016-01-14,4.0,4.0,5.0,5.0,6.0,5.0,3.0,3.0,5.0,9.0,5.0,7.0,4.0,9.0,6.0,5.0,8.0,7.0,8.0,3.0,6.0,4.0,4.0,5.0,7.0,9.0,3.0,7.0,6.0,8.0
2016-01-15,5.0,8.0,5.0,4.0,4.0,2.0,6.0,3.0,9.0,10.0,4.0,6.0,6.0,9.0,7.0,10.0,9.0,5.0,6.0,6.0,4.0,8.0,6.0,7.0,4.0,9.0,3.0,2.0,10.0,4.0
2016-01-16,7.0,9.0,5.0,6.0,2.0,3.0,7.0,3.0,8.0,7.0,11.0,8.0,6.0,6.0,6.0,9.0,8.0,4.0,9.0,3.0,8.0,3.0,4.0,4.0,7.0,11.0,8.0,8.0,10.0,6.0
2016-01-17,8.0,9.0,7.0,9.0,6.0,4.0,3.0,3.0,13.0,11.0,8.0,5.0,6.0,7.0,6.0,9.0,10.0,5.0,9.0,9.0,8.0,9.0,5.0,10.0,5.0,10.0,4.0,5.0,9.0,9.0
2016-01-18,7.0,5.0,8.0,6.0,3.0,4.0,5.0,5.0,7.0,9.0,3.0,5.0,2.0,4.0,4.0,6.0,8.0,6.0,6.0,6.0,8.0,6.0,5.0,5.0,9.0,9.0,8.0,10.0,12.0,7.0
2016-01-19,8.0,4.0,8.0,3.0,3.0,4.0,4.0,3.0,4.0,9.0,6.0,11.0,8.0,5.0,3.0,6.0,7.0,3.0,7.0,4.0,5.0,4.0,4.0,6.0,7.0,10.0,8.0,10.0,11.0,7.0
2016-01-20,5.0,6.0,7.0,5.0,4.0,4.0,4.0,3.0,5.0,9.0,3.0,8.0,4.0,3.0,3.0,4.0,4.0,3.0,4.0,4.0,3.0,3.0,4.0,5.0,2.0,7.0,4.0,7.0,11.0,7.0
2016-01-21,7.0,8.0,4.0,3.0,3.0,4.0,6.0,4.0,11.0,8.0,10.0,10.0,9.0,6.0,3.0,4.0,2.0,3.0,3.0,4.0,2.0,3.0,3.0,7.0,4.0,4.0,5.0,8.0,8.0,7.0
2016-01-22,6.0,6.0,9.0,8.0,4.0,4.0,3.0,5.0,6.0,6.0,7.0,12.0,10.0,5.0,3.0,9.0,4.0,7.0,10.0,10.0,5.0,10.0,6.0,7.0,5.0,5.0,3.0,7.0,5.0,8.0
2016-01-23,5.0,4.0,12.0,4.0,3.0,4.0,3.0,5.0,3.0,5.0,4.0,5.0,4.0,5.0,7.0,6.0,7.0,8.0,7.0,10.0,8.0,9.0,6.0,9.0,5.0,7.0,13.0,13.0,7.0,8.0
2016-01-24,5.0,4.0,7.0,5.0,6.0,4.0,11.0,5.0,12.0,10.0,7.0,7.0,7.0,5.0,6.0,6.0,6.0,3.0,6.0,8.0,4.0,7.0,5.0,5.0,4.0,6.0,10.0,10.0,6.0,8.0
2016-01-25,4.0,5.0,5.0,2.0,9.0,4.0,8.0,4.0,12.0,6.0,5.0,7.0,10.0,8.0,3.0,6.0,6.0,8.0,6.0,3.0,6.0,3.0,5.0,6.0,3.0,6.0,3.0,2.0,4.0,5.0
2016-01-26,5.0,9.0,7.0,5.0,5.0,5.0,7.0,5.0,7.0,4.0,8.0,8.0,8.0,7.0,8.0,10.0,11.0,6.0,12.0,3.0,8.0,3.0,4.0,6.0,8.0,11.0,6.0,6.0,15.0,6.0
2016-01-27,6.0,5.0,5.0,6.0,5.0,5.0,4.0,5.0,5.0,4.0,5.0,3.0,6.0,7.0,7.0,4.0,7.0,5.0,6.0,5.0,6.0,3.0,4.0,7.0,5.0,9.0,5.0,6.0,15.0,8.0
2016-01-28,10.0,8.0,3.0,10.0,3.0,4.0,2.0,4.0,5.0,4.0,3.0,4.0,4.0,6.0,8.0,8.0,9.0,3.0,9.0,3.0,9.0,4.0,2.0,8.0,6.0,13.0,3.0,5.0,8.0,4.0
2016-01-29,6.0,5.0,6.0,8.0,3.0,4.0,3.0,4.0,3.0,11.0,6.0,9.0,7.0,4.0,7.0,8.0,7.0,4.0,6.0,6.0,8.0,8.0,7.0,8.0,10.0,9.0,8.0,9.0,3.0,6.0
2016-01-30,7.0,4.0,6.0,7.0,3.0,3.0,7.0,5.0,7.0,10.0,5.0,7.0,8.0,5.0,4.0,5.0,7.0,9.0,7.0,5.0,5.0,4.0,3.0,5.0,4.0,9.0,7.0,7.0,11.0,6.0
2016-01-31,7.0,4.0,7.0,6.0,4.0,9.0,9.0,7.0,14.0,5.0,3.0,35.0,8.0,6.0,4.0,9.0,8.0,9.0,9.0,3.0,3.0,2.0,5.0,5.0,8.0,4.0,4.0,6.0,4.0,7.0
2016-02-01,2.0,3.0,5.0,3.0,8.0,11.0,11.0,10.0,13.0,7.0,6.0,19.0,7.0,6.0,4.0,8.0,6.0,6.0,6.0,3.0,7.0,4.0,6.0,4.0,5.0,10.0,3.0,5.0,15.0,6.0
2016-02-02,4.0,4.0,7.0,3.0,6.0,4.0,7.0,7.0,10.0,9.0,9.0,7.0,8.0,11.0,9.0,9.0,9.0,9.0,8.0,6.0,8.0,7.0,4.0,6.0,5.0,9.0,4.0,5.0,4.0,6.0
2016-02-03,8.0,8.0,10.0,5.0,4.0,4.0,5.0,5.0,8.0,8.0,5.0,10.0,7.0,14.0,10.0,8.0,9.0,10.0,9.0,8.0,10.0,8.0,8.0,8.0,8.0,14.0,10.0,7.0,11.0,8.0
2016-02-04,8.0,7.0,5.0,8.0,5.0,3.0,4.0,4.0,10.0,13.0,5.0,6.0,6.0,5.0,6.0,7.0,7.0,6.0,7.0,9.0,6.0,5.0,4.0,7.0,5.0,12.0,5.0,7.0,9.0,9.0
2016-02-05,7.0,6.0,4.0,6.0,3.0,4.0,6.0,6.0,9.0,4.0,6.0,7.0,5.0,4.0,6.0,4.0,4.0,4.0,5.0,7.0,5.0,9.0,6.0,9.0,6.0,6.0,5.0,8.0,6.0,11.0
2016-02-06,9.0,6.0,5.0,9.0,3.0,6.0,5.0,6.0,7.0,6.0,8.0,6.0,9.0,6.0,5.0,4.0,6.0,2.0,5.0,4.0,5.0,10.0,2.0,6.0,6.0,8.0,4.0,5.0,4.0,5.0
2016-02-07,4.0,3.0,4.0,5.0,8.0,5.0,8.0,4.0,8.0,14.0,8.0,6.0,5.0,10.0,11.0,7.0,8.0,5.0,11.0,5.0,7.0,8.0,6.0,12.0,5.0,8.0,4.0,4.0,8.0,14.0
2016-02-08,5.0,3.0,8.0,5.0,5.0,4.0,9.0,6.0,7.0,4.0,7.0,13.0,8.0,11.0,11.0,12.0,7.0,7.0,9.0,8.0,4.0,11.0,6.0,6.0,4.0,12.0,7.0,8.0,10.0,14.0
2016-02-09,6.0,6.0,6.0,5.0,6.0,4.0,5.0,5.0,6.0,4.0,5.0,9.0,6.0,8.0,9.0,9.0,7.0,7.0,8.0,8.0,6.0,11.0,7.0,8.0,8.0,12.0,5.0,6.0,9.0,8.0
2016-02-10,6.0,5.0,7.0,5.0,3.0,5.0,3.0,5.0,4.0,12.0,4.0,7.0,7.0,7.0,4.0,7.0,7.0,5.0,8.0,7.0,7.0,9.0,5.0,6.0,9.0,8.0,7.0,9.0,4.0,7.0
2016-02-11,7.0,7.0,5.0,5.0,3.0,4.0,4.0,4.0,4.0,8.0,6.0,6.0,8.0,7.0,6.0,9.0,9.0,4.0,7.0,5.0,7.0,6.0,5.0,5.0,7.0,8.0,10.0,11.0,9.0,8.0
2016-02-12,6.0,5.0,7.0,7.0,4.0,4.0,2.0,5.0,6.0,6.0,6.0,6.0,5.0,6.0,9.0,9.0,10.0,5.0,9.0,7.0,7.0,10.0,5.0,4.0,5.0,12.0,4.0,10.0,8.0,7.0
2016-02-13,6.0,5.0,7.0,7.0,5.0,4.0,3.0,4.0,3.0,7.0,6.0,6.0,6.0,5.0,5.0,9.0,11.0,7.0,8.0,7.0,7.0,7.0,5.0,4.0,9.0,9.0,11.0,12.0,10.0,8.0
2016-02-14,6.0,6.0,7.0,9.0,4.0,4.0,6.0,5.0,7.0,9.0,6.0,7.0,9.0,6.0,7.0,7.0,8.0,4.0,8.0,7.0,4.0,8.0,3.0,6.0,3.0,6.0,9.0,11.0,8.0,9.0
2016-02-15,5.0,5.0,9.0,13.0,7.0,3.0,7.0,5.0,11.0,14.0,6.0,6.0,7.0,3.0,4.0,4.0,6.0,4.0,5.0,7.0,4.0,6.0,3.0,8.0,5.0,5.0,4.0,5.0,8.0,6.0
2016-02-16,7.0,4.0,7.0,9.0,4.0,5.0,5.0,4.0,11.0,15.0,5.0,8.0,5.0,10.0,5.0,4.0,3.0,4.0,5.0,6.0,4.0,8.0,7.0,10.0,4.0,7.0,9.0,8.0,8.0,17.0
2016-02-17,4.0,7.0,10.0,3.0,4.0,4.0,11.0,5.0,5.0,7.0,5.0,5.0,4.0,5.0,4.0,5.0,5.0,6.0,5.0,6.0,6.0,5.0,4.0,4.0,5.0,6.0,9.0,7.0,12.0,7.0
2016-02-18,6.0,6.0,13.0,8.0,4.0,3.0,11.0,5.0,10.0,12.0,6.0,9.0,8.0,12.0,8.0,9.0,10.0,4.0,7.0,4.0,4.0,7.0,4.0,8.0,5.0,4.0,4.0,8.0,9.0,8.0
2016-02-19,6.0,9.0,9.0,9.0,5.0,5.0,6.0,4.0,9.0,17.0,7.0,10.0,8.0,10.0,9.0,9.0,19.0,11.0,14.0,6.0,10.0,7.0,4.0,9.0,7.0,7.0,3.0,5.0,5.0,6.0
2016-02-20,6.0,5.0,6.0,6.0,4.0,4.0,4.0,2.0,8.0,11.0,5.0,7.0,6.0,4.0,8.0,4.0,12.0,7.0,9.0,3.0,11.0,5.0,4.0,8.0,11.0,11.0,6.0,8.0,14.0,6.0
2016-02-21,5.0,6.0,5.0,5.0,5.0,5.0,4.0,4.0,8.0,9.0,4.0,6.0,6.0,7.0,5.0,8.0,5.0,5.0,5.0,4.0,4.0,4.0,4.0,5.0,6.0,7.0,4.0,5.0,8.0,6.0
2016-02-22,7.0,4.0,4.0,5.0,7.0,5.0,8.0,9.0,10.0,6.0,4.0,5.0,3.0,4.0,4.0,6.0,5.0,5.0,5.0,3.0,3.0,4.0,5.0,7.0,3.0,5.0,5.0,5.0,6.0,7.0
2016-02-23,4.0,6.0,3.0,5.0,7.0,7.0,10.0,8.0,7.0,6.0,11.0,10.0,11.0,7.0,4.0,7.0,5.0,4.0,6.0,4.0,4.0,5.0,5.0,9.0,5.0,8.0,8.0,7.0,6.0,7.0
2016-02-24,4.0,4.0,8.0,3.0,3.0,6.0,6.0,5.0,4.0,5.0,15.0,10.0,12.0,9.0,5.0,12.0,13.0,8.0,10.0,8.0,9.0,14.0,9.0,8.0,7.0,13.0,7.0,7.0,9.0,4.0
2016-02-25,4.0,2.0,7.0,3.0,5.0,4.0,4.0,5.0,6.0,5.0,5.0,7.0,4.0,7.0,7.0,10.0,13.0,6.0,9.0,9.0,9.0,9.0,9.0,7.0,7.0,11.0,10.0,12.0,11.0,12.0
2016-02-26,3.0,3.0,5.0,4.0,4.0,5.0,3.0,5.0,2.0,4.0,5.0,5.0,4.0,7.0,6.0,8.0,7.0,5.0,4.0,7.0,11.0,5.0,4.0,5.0,10.0,8.0,7.0,11.0,10.0,11.0
2016-02-27,25.0,5.0,4.0,5.0,9.0,3.0,2.0,4.0,4.0,5.0,5.0,5.0,4.0,9.0,4.0,5.0,7.0,4.0,8.0,4.0,9.0,4.0,4.0,4.0,6.0,12.0,5.0,7.0,14.0,7.0
2016-02-28,9.0,8.0,8.0,7.0,3.0,6.0,3.0,3.0,5.0,9.0,8.0,7.0,8.0,9.0,7.0,8.0,10.0,7.0,12.0,6.0,9.0,5.0,6.0,6.0,7.0,11.0,7.0,8.0,10.0,8.0
2016-02-29,9.0,6.0,7.0,10.0,3.0,3.0,3.0,4.0,9.0,9.0,5.0,6.0,8.0,10.0,11.0,9.0,11.0,7.0,11.0,6.0,11.0,5.0,6.0,5.0,9.0,12.0,11.0,12.0,12.0,10.0
2016-03-01,10.0,9.0,8.0,6.0,4.0,5.0,6.0,4.0,9.0,8.0,5.0,11.0,6.0,8.0,5.0,11.0,10.0,7.0,11.0,7.0,8.0,5.0,7.0,5.0,8.0,14.0,5.0,8.0,13.0,8.0
2016-03-02,9.0,7.0,7.0,13.0,5.0,4.0,3.0,5.0,11.0,9.0,5.0,8.0,7.0,8.0,3.0,8.0,7.0,7.0,10.0,6.0,7.0,6.0,7.0,4.0,11.0,9.0,8.0,13.0,13.0,10.0
2016-03-03,7.0,5.0,4.0,8.0,5.0,5.0,7.0,3.0,8.0,12.0,7.0,10.0,6.0,7.0,4.0,5.0,5.0,3.0,6.0,7.0,3.0,4.0,3.0,4.0,4.0,5.0,4.0,8.0,6.0,7.0
2016-03-04,7.0,6.0,6.0,3.0,4.0,4.0,6.0,3.0,4.0,6.0,5.0,7.0,5.0,6.0,5.0,5.0,5.0,3.0,6.0,6.0,3.0,5.0,4.0,4.0,4.0,5.0,8.0,7.0,4.0,9.0
2016-03-05,10.0,5.0,8.0,4.0,4.0,6.0,10.0,3.0,9.0,7.0,5.0,6.0,3.0,4.0,6.0,9.0,8.0,5.0,7.0,4.0,3.0,5.0,4.0,7.0,3.0,4.0,5.0,6.0,4.0,7.0
2016-03-06,8.0,6.0,12.0,8.0,8.0,7.0,11.0,5.0,8.0,7.0,8.0,7.0,7.0,10.0,8.0,7.0,8.0,4.0,5.0,6.0,5.0,6.0,3.0,6.0,4.0,5.0,2.0,4.0,6.0,6.0
2016-03-07,7.0,9.0,10.0,5.0,9.0,8.0,18.0,7.0,8.0,5.0,10.0,10.0,10.0,12.0,5.0,7.0,9.0,8.0,9.0,4.0,5.0,5.0,5.0,8.0,7.0,9.0,6.0,8.0,10.0,7.0
2016-03-08,7.0,5.0,13.0,4.0,13.0,6.0,10.0,6.0,7.0,4.0,9.0,10.0,9.0,9.0,10.0,8.0,9.0,7.0,9.0,4.0,6.0,4.0,5.0,9.0,6.0,7.0,3.0,4.0,4.0,5.0
2016-03-09,9.0,8.0,4.0,4.0,7.0,4.0,7.0,6.0,5.0,3.0,7.0,6.0,12.0,6.0,10.0,9.0,7.0,10.0,8.0,6.0,8.0,7.0,6.0,8.0,7.0,11.0,5.0,6.0,5.0,8.0
2016-03-10,12.0,9.0,7.0,13.0,4.0,5.0,3.0,4.0,8.0,4.0,6.0,7.0,7.0,3.0,3.0,5.0,7.0,9.0,7.0,5.0,4.0,8.0,6.0,10.0,8.0,6.0,5.0,6.0,7.0,8.0
2016-03-11,7.0,3.0,8.0,5.0,6.0,5.0,8.0,4.0,4.0,4.0,7.0,7.0,5.0,4.0,6.0,5.0,5.0,4.0,6.0,4.0,4.0,6.0,5.0,7.0,6.0,8.0,10.0,9.0,7.0,10.0
2016-03-12,8.0,7.0,12.0,8.0,7.0,7.0,14.0,10.0,14.0,10.0,3.0,5.0,6.0,4.0,5.0,5.0,4.0,6.0,4.0,6.0,2.0,6.0,3.0,8.0,4.0,5.0,4.0,7.0,12.0,7.0
2016-03-13,11.0,9.0,7.0,10.0,5.0,4.0,6.0,5.0,7.0,9.0,9.0,9.0,7.0,4.0,6.0,4.0,6.0,5.0,4.0,6.0,6.0,5.0,4.0,8.0,7.0,10.0,3.0,5.0,10.0,6.0
2016-03-14,11.0,8.0,7.0,7.0,8.0,5.0,7.0,4.0,5.0,10.0,6.0,6.0,8.0,4.0,3.0,3.0,2.0,6.0,4.0,7.0,6.0,9.0,5.0,6.0,6.0,11.0,8.0,10.0,10.0,7.0
2016-03-15,6.0,5.0,7.0,6.0,7.0,5.0,7.0,4.0,9.0,10.0,4.0,7.0,7.0,8.0,9.0,7.0,9.0,9.0,8.0,6.0,3.0,5.0,5.0,5.0,6.0,6.0,7.0,10.0,9.0,5.0
2016-03-16,6.0,3.0,7.0,4.0,4.0,5.0,5.0,5.0,9.0,12.0,5.0,5.0,6.0,7.0,13.0,14.0,18.0,8.0,15.0,5.0,11.0,6.0,5.0,4.0,10.0,13.0,3.0,4.0,10.0,8.0
2016-03-17,6.0,4.0,8.0,9.0,5.0,4.0,3.0,3.0,9.0,8.0,5.0,5.0,5.0,5.0,7.0,7.0,11.0,3.0,10.0,4.0,11.0,5.0,6.0,5.0,8.0,14.0,6.0,10.0,11.0,13.0
2016-03-18,6.0,12.0,6.0,6.0,5.0,5.0,4.0,5.0,7.0,7.0,4.0,7.0,5.0,8.0,6.0,7.0,7.0,4.0,5.0,4.0,7.0,6.0,4.0,5.0,10.0,6.0,9.0,11.0,6.0,7.0
2016-03-19,4.0,8.0,8.0,5.0,5.0,4.0,4.0,4.0,8.0,5.0,10.0,9.0,10.0,7.0,5.0,6.0,5.0,7.0,5.0,5.0,6.0,5.0,5.0,7.0,3.0,6.0,5.0,8.0,7.0,6.0
2016-03-20,6.0,5.0,6.0,3.0,5.0,4.0,7.0,7.0,4.0,4.0,4.0,10.0,9.0,6.0,4.0,6.0,6.0,5.0,6.0,7.0,4.0,4.0,4.0,8.0,4.0,8.0,7.0,6.0,5.0,11.0
2016-03-21,7.0,5.0,7.0,5.0,4.0,6.0,12.0,4.0,6.0,12.0,5.0,6.0,7.0,12.0,5.0,6.0,5.0,4.0,6.0,6.0,5.0,8.0,4.0,8.0,6.0,12.0,7.0,12.0,9.0,7.0
2016-03-22,5.0,6.0,8.0,5.0,15.0,8.0,9.0,7.0,10.0,11.0,7.0,11.0,9.0,10.0,6.0,8.0,9.0,10.0,11.0,5.0,6.0,4.0,7.0,7.0,7.0,8.0,8.0,7.0,10.0,7.0
2016-03-23,9.0,5.0,7.0,8.0,8.0,7.0,9.0,9.0,20.0,18.0,8.0,11.0,10.0,12.0,8.0,7.0,7.0,9.0,9.0,5.0,7.0,7.0,9.0,8.0,7.0,7.0,6.0,7.0,7.0,9.0
2016-03-24,8.0,6.0,7.0,9.0,5.0,6.0,4.0,4.0,11.0,5.0,7.0,10.0,8.0,9.0,6.0,8.0,8.0,9.0,9.0,20.0,6.0,6.0,6.0,9.0,7.0,14.0,6.0,7.0,11.0,8.0
2016-03-25,4.0,3.0,10.0,8.0,4.0,5.0,6.0,3.0,8.0,5.0,5.0,7.0,8.0,5.0,7.0,8.0,8.0,7.0,8.0,19.0,6.0,7.0,7.0,4.0,9.0,9.0,7.0,7.0,11.0,9.0
2016-03-26,3.0,5.0,8.0,2.0,6.0,3.0,12.0,4.0,11.0,6.0,4.0,6.0,4.0,5.0,5.0,4.0,6.0,4.0,4.0,2.0,2.0,4.0,3.0,6.0,4.0,6.0,4.0,7.0,6.0,8.0
2016-03-27,11.0,6.0,10.0,9.0,5.0,4.0,5.0,6.0,11.0,7.0,9.0,8.0,8.0,7.0,5.0,8.0,8.0,7.0,7.0,4.0,3.0,6.0,3.0,7.0,6.0,5.0,4.0,5.0,5.0,3.0
2016-03-28,10.0,5.0,13.0,6.0,6.0,8.0,16.0,9.0,7.0,9.0,4.0,6.0,5.0,7.0,4.0,7.0,7.0,7.0,10.0,6.0,9.0,4.0,5.0,5.0,10.0,11.0,8.0,13.0,9.0,5.0
2016-03-29,6.0,7.0,5.0,7.0,12.0,6.0,17.0,9.0,14.0,7.0,5.0,7.0,4.0,9.0,7.0,8.0,4.0,5.0,5.0,5.0,5.0,5.0,4.0,5.0,7.0,9.0,10.0,13.0,9.0,10.0
2016-03-30,4.0,6.0,8.0,5.0,6.0,10.0,9.0,6.0,13.0,14.0,5.0,7.0,7.0,9.0,7.0,10.0,11.0,9.0,7.0,6.0,7.0,7.0,5.0,6.0,5.0,5.0,6.0,8.0,8.0,5.0
2016-03-31,3.0,3.0,6.0,3.0,6.0,4.0,5.0,6.0,6.0,12.0,5.0,9.0,8.0,7.0,7.0,9.0,14.0,9.0,10.0,6.0,10.0,7.0,6.0,6.0,7.0,8.0,7.0,9.0,6.0,8.0
2016-04-01,5.0,3.0,8.0,2.0,7.0,4.0,5.0,5.0,9.0,6.0,11.0,8.0,9.0,9.0,7.0,7.0,8.0,5.0,11.0,3.0,6.0,5.0,7.0,6.0,8.0,10.0,8.0,9.0,11.0,9.0
2016-04-02,6.0,4.0,6.0,3.0,5.0,5.0,3.0,8.0,4.0,5.0,6.0,5.0,8.0,7.0,12.0,14.0,15.0,8.0,16.0,8.0,8.0,8.0,9.0,6.0,10.0,7.0,4.0,4.0,10.0,8.0
2016-04-03,4.0,6.0,9.0,5.0,4.0,7.0,3.0,5.0,6.0,6.0,5.0,5.0,4.0,12.0,7.0,11.0,10.0,6.0,12.0,7.0,8.0,6.0,6.0,6.0,10.0,14.0,14.0,14.0,10.0,9.0
2016-04-04,6.0,6.0,9.0,9.0,5.0,5.0,5.0,4.0,8.0,6.0,6.0,4.0,5.0,8.0,7.0,7.0,11.0,7.0,10.0,6.0,7.0,4.0,7.0,7.0,8.0,8.0,5.0,8.0,7.0,10.0
2016-04-05,7.0,6.0,6.0,8.0,5.0,4.0,4.0,3.0,11.0,17.0,6.0,8.0,6.0,8.0,7.0,8.0,7.0,7.0,7.0,7.0,4.0,7.0,6.0,5.0,6.0,6.0,7.0,10.0,9.0,13.0
2016-04-06,5.0,4.0,9.0,6.0,7.0,5.0,9.0,6.0,11.0,14.0,6.0,9.0,6.0,9.0,7.0,9.0,7.0,11.0,12.0,6.0,7.0,8.0,4.0,10.0,7.0,8.0,8.0,7.0,8.0,5.0
2016-04-07,6.0,5.0,6.0,7.0,4.0,4.0,5.0,4.0,7.0,10.0,4.0,6.0,5.0,10.0,5.0,9.0,8.0,8.0,10.0,9.0,7.0,7.0,10.0,6.0,7.0,11.0,10.0,11.0,8.0,12.0
2016-04-08,9.0,5.0,7.0,4.0,6.0,5.0,7.0,14.0,9.0,6.0,5.0,6.0,7.0,8.0,11.0,12.0,9.0,6.0,9.0,9.0,6.0,8.0,6.0,5.0,7.0,10.0,10.0,10.0,10.0,7.0
2016-04-09,10.0,5.0,8.0,4.0,4.0,6.0,6.0,6.0,7.0,5.0,6.0,6.0,6.0,8.0,7.0,9.0,10.0,6.0,9.0,9.0,7.0,7.0,7.0,5.0,11.0,7.0,6.0,5.0,6.0,10.0
2016-04-10,5.0,5.0,7.0,6.0,5.0,5.0,7.0,8.0,5.0,11.0,7.0,9.0,8.0,11.0,8.0,7.0,9.0,9.0,10.0,5.0,6.0,8.0,4.0,9.0,4.0,6.0,4.0,9.0,6.0,8.0
2016-04-11,5.0,5.0,8.0,4.0,5.0,7.0,4.0,3.0,4.0,8.0,7.0,9.0,10.0,8.0,8.0,7.0,8.0,11.0,7.0,5.0,8.0,8.0,6.0,8.0,7.0,5.0,8.0,6.0,7.0,9.0
2016-04-12,9.0,7.0,7.0,7.0,5.0,5.0,3.0,7.0,5.0,5.0,7.0,7.0,7.0,5.0,6.0,5.0,6.0,8.0,6.0,6.0,9.0,5.0,5.0,5.0,5.0,9.0,6.0,7.0,9.0,7.0
2016-04-13,8.0,4.0,8.0,5.0,8.0,4.0,9.0,3.0,6.0,13.0,6.0,5.0,8.0,6.0,6.0,4.0,6.0,5.0,6.0,6.0,4.0,7.0,5.0,6.0,4.0,6.0,4.0,7.0,6.0,9.0
2016-04-14,5.0,11.0,9.0,6.0,17.0,6.0,8.0,4.0,8.0,9.0,3.0,3.0,5.0,6.0,9.0,5.0,5.0,4.0,6.0,6.0,6.0,8.0,4.0,5.0,5.0,6.0,4.0,5.0,5.0,9.0
2016-04-15,6.0,3.0,13.0,4.0,12.0,6.0,15.0,13.0,11.0,8.0,5.0,6.0,4.0,6.0,7.0,7.0,6.0,6.0,5.0,9.0,5.0,10.0,5.0,6.0,5.0,8.0,3.0,4.0,6.0,10.0
2016-04-16,5.0,3.0,11.0,6.0,7.0,6.0,13.0,11.0,6.0,12.0,9.0,10.0,10.0,7.0,7.0,7.0,5.0,5.0,5.0,7.0,5.0,9.0,5.0,7.0,3.0,8.0,3.0,5.0,5.0,8.0
2016-04-17,5.0,7.0,7.0,4.0,6.0,7.0,9.0,8.0,7.0,10.0,9.0,10.0,10.0,8.0,6.0,7.0,5.0,4.0,3.0,5.0,3.0,9.0,3.0,7.0,3.0,3.0,3.0,5.0,5.0,10.0
2016-04-18,5.0,8.0,10.0,4.0,7.0,7.0,5.0,5.0,10.0,3.0,6.0,5.0,11.0,6.0,7.0,7.0,5.0,3.0,3.0,4.0,6.0,6.0,3.0,7.0,4.0,4.0,4.0,5.0,7.0,7.0
2016-04-19,8.0,4.0,7.0,4.0,5.0,5.0,4.0,6.0,7.0,4.0,5.0,5.0,4.0,3.0,6.0,5.0,8.0,2.0,5.0,4.0,6.0,6.0,3.0,8.0,6.0,6.0,6.0,10.0,10.0,7.0
2016-04-20,6.0,3.0,8.0,4.0,6.0,6.0,6.0,5.0,4.0,4.0,6.0,7.0,7.0,6.0,4.0,6.0,7.0,5.0,6.0,3.0,6.0,7.0,6.0,8.0,8.0,5.0,8.0,8.0,7.0,8.0
2016-04-21,6.0,7.0,4.0,6.0,5.0,5.0,5.0,3.0,8.0,4.0,7.0,4.0,5.0,7.0,5.0,4.0,6.0,4.0,8.0,5.0,6.0,6.0,5.0,8.0,5.0,5.0,5.0,6.0,4.0,6.0
2016-04-22,4.0,4.0,5.0,7.0,7.0,5.0,12.0,7.0,11.0,4.0,5.0,5.0,6.0,7.0,6.0,5.0,8.0,5.0,6.0,4.0,6.0,6.0,5.0,7.0,3.0,7.0,5.0,6.0,6.0,9.0
2016-04-23,6.0,6.0,8.0,8.0,10.0,5.0,13.0,8.0,13.0,10.0,3.0,6.0,6.0,6.0,5.0,5.0,6.0,5.0,6.0,7.0,6.0,4.0,5.0,5.0,6.0,7.0,6.0,8.0,7.0,8.0
2016-04-24,7.0,5.0,13.0,8.0,6.0,7.0,8.0,6.0,12.0,15.0,6.0,10.0,7.0,11.0,7.0,8.0,6.0,6.0,6.0,4.0,5.0,5.0,4.0,8.0,3.0,6.0,6.0,9.0,7.0,9.0
2016-04-25,7.0,6.0,19.0,3.0,16.0,7.0,9.0,12.0,17.0,12.0,9.0,8.0,6.0,11.0,7.0,8.0,9.0,7.0,10.0,4.0,6.0,7.0,5.0,7.0,5.0,11.0,4.0,5.0,7.0,3.0
2016-04-26,5.0,6.0,12.0,3.0,16.0,7.0,8.0,11.0,17.0,12.0,7.0,9.0,8.0,8.0,7.0,15.0,7.0,5.0,9.0,4.0,6.0,4.0,5.0,5.0,9.0,13.0,6.0,7.0,8.0,6.0
2016-04-27,8.0,2.0,13.0,3.0,6.0,4.0,5.0,4.0,9.0,5.0,9.0,7.0,9.0,13.0,10.0,6.0,9.0,7.0,7.0,4.0,6.0,6.0,6.0,5.0,4.0,6.0,5.0,6.0,8.0,4.0
2016-04-28,7.0,3.0,8.0,7.0,7.0,7.0,11.0,8.0,9.0,5.0,6.0,7.0,5.0,10.0,9.0,6.0,6.0,7.0,7.0,6.0,9.0,6.0,7.0,6.0,4.0,8.0,5.0,6.0,6.0,6.0
2016-04-29,6.0,4.0,14.0,4.0,6.0,5.0,8.0,7.0,11.0,5.0,6.0,8.0,8.0,8.0,6.0,6.0,5.0,5.0,5.0,3.0,5.0,5.0,4.0,5.0,4.0,10.0,5.0,9.0,5.0,6.0
2016-04-30,7.0,4.0,17.0,3.0,7.0,7.0,12.0,8.0,6.0,9.0,8.0,7.0,12.0,9.0,9.0,9.0,8.0,3.0,8.0,6.0,6.0,8.0,4.0,8.0,5.0,7.0,4.0,6.0,7.0,7.0
2016-05-01,4.0,10.0,8.0,7.0,6.0,4.0,7.0,7.0,18.0,8.0,7.0,7.0,7.0,5.0,7.0,7.0,8.0,5.0,4.0,3.0,8.0,6.0,7.0,7.0,5.0,11.0,4.0,5.0,5.0,5.0
2016-05-02,3.0,7.0,7.0,5.0,6.0,6.0,6.0,4.0,10.0,3.0,8.0,8.0,9.0,6.0,5.0,8.0,8.0,4.0,18.0,5.0,7.0,6.0,7.0,7.0,6.0,6.0,3.0,5.0,6.0,4.0
2016-05-03,6.0,4.0,10.0,6.0,7.0,5.0,7.0,6.0,7.0,8.0,6.0,4.0,8.0,4.0,10.0,4.0,8.0,5.0,6.0,6.0,6.0,7.0,5.0,7.0,4.0,4.0,6.0,7.0,5.0,4.0
2016-05-04,12.0,4.0,9.0,5.0,6.0,4.0,9.0,6.0,7.0,6.0,4.0,8.0,6.0,6.0,9.0,10.0,8.0,10.0,9.0,7.0,8.0,7.0,3.0,7.0,5.0,6.0,5.0,7.0,6.0,6.0
2016-05-05,7.0,6.0,7.0,5.0,5.0,5.0,11.0,8.0,6.0,5.0,3.0,5.0,6.0,5.0,5.0,7.0,9.0,9.0,8.0,7.0,8.0,10.0,6.0,6.0,5.0,7.0,7.0,7.0,9.0,7.0
2016-05-06,7.0,7.0,8.0,8.0,5.0,5.0,10.0,12.0,16.0,8.0,4.0,5.0,5.0,6.0,8.0,4.0,5.0,6.0,7.0,8.0,5.0,8.0,8.0,4.0,6.0,6.0,8.0,7.0,7.0,7.0
2016-05-07,11.0,7.0,5.0,6.0,7.0,5.0,7.0,8.0,14.0,11.0,7.0,7.0,5.0,5.0,9.0,6.0,13.0,7.0,9.0,8.0,7.0,6.0,6.0,5.0,3.0,5.0,4.0,5.0,8.0,4.0
2016-05-08,5.0,9.0,6.0,5.0,6.0,6.0,7.0,7.0,6.0,6.0,11.0,10.0,6.0,5.0,6.0,6.0,6.0,5.0,7.0,6.0,7.0,6.0,5.0,7.0,6.0,8.0,10.0,12.0,10.0,11.0
2016-05-09,4.0,8.0,7.0,4.0,5.0,6.0,7.0,5.0,9.0,6.0,9.0,10.0,10.0,8.0,11.0,6.0,9.0,7.0,6.0,5.0,6.0,6.0,4.0,6.0,5.0,5.0,9.0,9.0,10.0,8.0
2016-05-10,3.0,6.0,9.0,5.0,5.0,5.0,7.0,4.0,8.0,8.0,8.0,8.0,7.0,6.0,8.0,7.0,7.0,7.0,6.0,5.0,6.0,7.0,5.0,7.0,7.0,5.0,6.0,7.0,8.0,8.0
2016-05-11,4.0,4.0,8.0,3.0,7.0,7.0,10.0,6.0,6.0,7.0,11.0,17.0,7.0,6.0,6.0,7.0,4.0,5.0,5.0,4.0,6.0,6.0,4.0,8.0,4.0,7.0,4.0,6.0,5.0,7.0
2016-05-12,4.0,3.0,8.0,5.0,5.0,4.0,6.0,3.0,8.0,5.0,7.0,10.0,5.0,8.0,8.0,7.0,7.0,5.0,7.0,4.0,7.0,6.0,3.0,5.0,5.0,6.0,7.0,5.0,4.0,5.0
2016-05-13,3.0,5.0,10.0,4.0,6.0,4.0,9.0,5.0,5.0,7.0,5.0,6.0,7.0,10.0,10.0,7.0,8.0,4.0,7.0,6.0,8.0,5.0,4.0,5.0,7.0,9.0,5.0,4.0,8.0,5.0
2016-05-14,5.0,5.0,9.0,4.0,5.0,4.0,10.0,9.0,15.0,6.0,6.0,9.0,11.0,10.0,9.0,12.0,10.0,7.0,10.0,9.0,9.0,7.0,4.0,5.0,7.0,12.0,9.0,12.0,10.0,9.0
2016-05-15,6.0,3.0,10.0,3.0,6.0,5.0,10.0,8.0,12.0,7.0,9.0,6.0,4.0,4.0,9.0,8.0,8.0,5.0,8.0,7.0,8.0,6.0,6.0,5.0,8.0,12.0,12.0,10.0,12.0,10.0
2016-05-16,5.0,5.0,13.0,3.0,6.0,5.0,7.0,8.0,9.0,7.0,5.0,9.0,5.0,6.0,7.0,4.0,7.0,4.0,5.0,5.0,11.0,9.0,4.0,7.0,5.0,9.0,10.0,13.0,11.0,11.0
2016-05-17,8.0,4.0,10.0,3.0,6.0,4.0,11.0,6.0,13.0,5.0,5.0,8.0,5.0,6.0,6.0,5.0,7.0,4.0,5.0,6.0,7.0,7.0,4.0,8.0,3.0,13.0,6.0,10.0,8.0,7.0
2016-05-18,6.0,6.0,7.0,5.0,5.0,5.0,7.0,13.0,10.0,4.0,10.0,8.0,6.0,5.0,4.0,6.0,6.0,5.0,5.0,4.0,6.0,7.0,4.0,6.0,5.0,5.0,6.0,6.0,4.0,8.0
2016-05-19,9.0,7.0,13.0,5.0,5.0,5.0,10.0,4.0,5.0,7.0,10.0,9.0,8.0,5.0,6.0,4.0,5.0,6.0,6.0,4.0,5.0,6.0,5.0,9.0,3.0,5.0,6.0,6.0,9.0,7.0
2016-05-20,6.0,4.0,19.0,4.0,6.0,5.0,14.0,9.0,5.0,7.0,4.0,4.0,7.0,4.0,5.0,3.0,6.0,4.0,7.0,7.0,5.0,6.0,4.0,6.0,5.0,3.0,4.0,5.0,6.0,7.0
2016-05-21,4.0,5.0,10.0,4.0,7.0,6.0,10.0,10.0,9.0,10.0,5.0,5.0,6.0,6.0,5.0,7.0,7.0,6.0,7.0,7.0,6.0,7.0,6.0,5.0,5.0,5.0,5.0,7.0,5.0,6.0
2016-05-22,6.0,5.0,7.0,7.0,6.0,6.0,9.0,13.0,11.0,8.0,6.0,7.0,6.0,6.0,7.0,5.0,5.0,5.0,10.0,7.0,8.0,7.0,5.0,5.0,3.0,7.0,7.0,5.0,5.0,5.0
2016-05-23,5.0,5.0,9.0,6.0,7.0,6.0,8.0,6.0,8.0,11.0,7.0,9.0,6.0,8.0,8.0,5.0,6.0,4.0,5.0,6.0,5.0,6.0,5.0,6.0,3.0,7.0,4.0,4.0,5.0,6.0
2016-05-24,3.0,4.0,8.0,4.0,6.0,5.0,10.0,6.0,10.0,10.0,7.0,7.0,6.0,5.0,7.0,4.0,7.0,4.0,6.0,4.0,6.0,6.0,5.0,5.0,4.0,5.0,8.0,4.0,5.0,5.0
2016-05-25,5.0,4.0,10.0,4.0,8.0,6.0,9.0,8.0,10.0,7.0,7.0,8.0,7.0,8.0,6.0,6.0,5.0,6.0,8.0,3.0,9.0,6.0,3.0,8.0,5.0,10.0,7.0,6.0,6.0,5.0
2016-05-26,6.0,6.0,10.0,5.0,7.0,5.0,10.0,10.0,8.0,5.0,8.0,9.0,8.0,8.0,9.0,9.0,8.0,8.0,7.0,2.0,8.0,5.0,4.0,7.0,7.0,7.0,5.0,7.0,7.0,7.0
2016-05-27,6.0,8.0,10.0,5.0,6.0,5.0,4.0,6.0,9.0,9.0,7.0,11.0,9.0,6.0,6.0,6.0,6.0,6.0,9.0,4.0,5.0,6.0,4.0,8.0,4.0,6.0,5.0,7.0,9.0,5.0
2016-05-28,7.0,5.0,7.0,6.0,6.0,5.0,6.0,5.0,9.0,8.0,5.0,7.0,9.0,6.0,4.0,6.0,8.0,6.0,10.0,4.0,8.0,6.0,3.0,6.0,4.0,5.0,7.0,7.0,5.0,5.0
2016-05-29,7.0,5.0,6.0,7.0,6.0,4.0,5.0,10.0,9.0,6.0,8.0,7.0,6.0,4.0,7.0,5.0,8.0,3.0,6.0,5.0,9.0,6.0,6.0,6.0,3.0,8.0,6.0,7.0,9.0,5.0
2016-05-30,6.0,6.0,8.0,6.0,5.0,5.0,5.0,6.0,7.0,14.0,6.0,8.0,4.0,8.0,5.0,3.0,5.0,4.0,4.0,4.0,5.0,5.0,6.0,5.0,4.0,9.0,4.0,8.0,10.0,5.0
2016-05-31,4.0,5.0,9.0,4.0,6.0,4.0,5.0,4.0,10.0,10.0,6.0,4.0,5.0,7.0,8.0,4.0,12.0,3.0,5.0,3.0,6.0,5.0,8.0,6.0,2.0,9.0,4.0,6.0,9.0,6.0
2016-06-01,5.0,5.0,6.0,7.0,5.0,4.0,8.0,6.0,12.0,5.0,4.0,8.0,7.0,4.0,8.0,4.0,6.0,7.0,4.0,5.0,5.0,6.0,3.0,7.0,4.0,7.0,5.0,6.0,7.0,5.0
2016-06-02,6.0,4.0,7.0,8.0,5.0,5.0,4.0,8.0,9.0,7.0,10.0,4.0,9.0,4.0,6.0,3.0,6.0,4.0,4.0,5.0,5.0,4.0,3.0,6.0,3.0,7.0,5.0,6.0,7.0,6.0
2016-06-03,3.0,5.0,9.0,5.0,4.0,5.0,6.0,7.0,9.0,6.0,5.0,6.0,5.0,4.0,7.0,4.0,5.0,5.0,4.0,5.0,5.0,8.0,3.0,8.0,3.0,5.0,4.0,4.0,7.0,4.0
2016-06-04,4.0,5.0,7.0,7.0,5.0,4.0,5.0,7.0,11.0,4.0,6.0,5.0,5.0,7.0,7.0,4.0,5.0,6.0,7.0,5.0,6.0,7.0,3.0,6.0,2.0,6.0,4.0,5.0,5.0,5.0
2016-06-05,3.0,4.0,7.0,5.0,6.0,5.0,5.0,5.0,9.0,5.0,6.0,7.0,6.0,5.0,11.0,7.0,8.0,5.0,10.0,5.0,10.0,7.0,8.0,6.0,6.0,9.0,10.0,5.0,8.0,9.0
2016-06-06,2.0,6.0,10.0,5.0,5.0,6.0,7.0,5.0,13.0,9.0,7.0,5.0,4.0,5.0,14.0,5.0,10.0,3.0,10.0,8.0,8.0,8.0,5.0,8.0,7.0,14.0,7.0,6.0,10.0,7.0
2016-06-07,4.0,8.0,7.0,5.0,6.0,6.0,8.0,6.0,14.0,8.0,4.0,4.0,4.0,5.0,7.0,7.0,8.0,7.0,8.0,6.0,8.0,9.0,4.0,9.0,8.0,10.0,5.0,8.0,9.0,11.0
2016-06-08,6.0,5.0,8.0,4.0,5.0,3.0,6.0,8.0,9.0,4.0,7.0,3.0,3.0,8.0,5.0,3.0,4.0,5.0,5.0,5.0,9.0,3.0,4.0,11.0,4.0,8.0,6.0,8.0,6.0,6.0
2016-06-09,9.0,3.0,3.0,3.0,2.0,3.0,4.0,4.0,4.0,2.0,3.0,5.0,4.0,12.0,5.0,5.0,4.0,5.0,3.0,4.0,4.0,4.0,4.0,7.0,3.0,7.0,6.0,6.0,4.0,2.0
2016-06-10,7.0,2.0,3.0,5.0,2.0,2.0,4.0,4.0,4.0,2.0,4.0,5.0,3.0,8.0,5.0,4.0,5.0,4.0,4.0,2.0,3.0,3.0,3.0,8.0,2.0,7.0,4.0,5.0,4.0,6.0
2016-06-11,6.0,2.0,4.0,3.0,1.0,2.0,5.0,4.0,7.0,7.0,3.0,5.0,3.0,6.0,11.0,4.0,5.0,5.0,3.0,5.0,7.0,3.0,5.0,4.0,4.0,7.0,7.0,5.0,3.0,3.0
2016-06-12,6.0,1.0,4.0,3.0,1.0,2.0,3.0,4.0,4.0,3.0,4.0,5.0,3.0,13.0,8.0,2.0,7.0,5.0,4.0,5.0,6.0,2.0,5.0,6.0,4.0,9.0,7.0,6.0,4.0,4.0
2016-06-13,9.0,5.0,4.0,3.0,5.0,2.0,3.0,3.0,4.0,3.0,4.0,6.0,4.0,4.0,6.0,3.0,4.0,8.0,3.0,5.0,5.0,3.0,4.0,4.0,2.0,7.0,6.0,6.0,4.0,3.0
2016-06-14,8.0,3.0,6.0,5.0,3.0,2.0,3.0,3.0,5.0,3.0,4.0,6.0,4.0,9.0,5.0,4.0,5.0,7.0,3.0,5.0,3.0,2.0,2.0,4.0,2.0,5.0,3.0,6.0,4.0,2.0
2016-06-15,6.0,1.0,5.0,3.0,4.0,2.0,5.0,3.0,4.0,2.0,4.0,5.0,4.0,6.0,7.0,6.0,4.0,18.0,4.0,6.0,4.0,3.0,4.0,5.0,2.0,4.0,3.0,2.0,4.0,4.0
2016-06-16,5.0,1.0,3.0,2.0,4.0,1.0,5.0,3.0,6.0,4.0,5.0,5.0,3.0,8.0,6.0,4.0,4.0,5.0,5.0,12.0,5.0,4.0,3.0,9.0,2.0,5.0,3.0,2.0,3.0,3.0
2016-06-17,8.0,2.0,2.0,4.0,3.0,2.0,3.0,2.0,5.0,3.0,4.0,5.0,3.0,6.0,3.0,4.0,4.0,8.0,4.0,10.0,5.0,4.0,4.0,7.0,3.0,5.0,2.0,3.0,4.0,4.0
2016-06-18,8.0,3.0,2.0,4.0,6.0,3.0,3.0,3.0,3.0,2.0,4.0,4.0,3.0,7.0,4.0,4.0,5.0,5.0,4.0,8.0,2.0,5.0,7.0,6.0,2.0,2.0,2.0,3.0,3.0,4.0
2016-06-19,5.0,2.0,2.0,5.0,4.0,2.0,2.0,3.0,4.0,3.0,3.0,4.0,3.0,8.0,9.0,4.0,3.0,7.0,3.0,5.0,4.0,6.0,3.0,6.0,2.0,5.0,2.0,4.0,4.0,4.0
2016-06-20,6.0,2.0,2.0,3.0,5.0,3.0,2.0,4.0,6.0,2.0,3.0,4.0,3.0,6.0,7.0,5.0,6.0,3.0,4.0,3.0,7.0,5.0,2.0,6.0,3.0,9.0,3.0,7.0,6.0,5.0
2016-06-21,8.0,2.0,1.0,4.0,2.0,2.0,3.0,3.0,5.0,1.0,3.0,3.0,2.0,8.0,6.0,4.0,5.0,5.0,6.0,6.0,6.0,2.0,5.0,6.0,3.0,5.0,3.0,3.0,7.0,5.0
2016-06-22,5.0,2.0,2.0,3.0,2.0,2.0,5.0,4.0,5.0,2.0,4.0,5.0,3.0,13.0,4.0,7.0,5.0,5.0,3.0,6.0,6.0,3.0,3.0,6.0,2.0,4.0,5.0,4.0,4.0,4.0
2016-06-23,6.0,2.0,3.0,3.0,2.0,2.0,4.0,4.0,5.0,5.0,3.0,6.0,4.0,9.0,4.0,7.0,4.0,6.0,6.0,6.0,4.0,3.0,5.0,6.0,3.0,3.0,3.0,3.0,3.0,3.0
2016-06-24,7.0,4.0,8.0,6.0,5.0,5.0,6.0,5.0,12.0,10.0,7.0,7.0,5.0,6.0,7.0,5.0,4.0,9.0,4.0,6.0,6.0,5.0,4.0,6.0,5.0,4.0,7.0,7.0,5.0,5.0
2016-06-25,6.0,4.0,6.0,5.0,5.0,7.0,8.0,6.0,8.0,6.0,7.0,8.0,6.0,8.0,13.0,10.0,6.0,4.0,4.0,6.0,4.0,6.0,6.0,6.0,2.0,5.0,5.0,4.0,4.0,6.0
2016-06-26,6.0,7.0,7.0,5.0,5.0,6.0,5.0,7.0,10.0,6.0,7.0,7.0,4.0,6.0,11.0,3.0,6.0,3.0,7.0,7.0,7.0,5.0,5.0,6.0,4.0,7.0,5.0,5.0,6.0,6.0
2016-06-27,4.0,6.0,13.0,6.0,6.0,4.0,3.0,7.0,10.0,7.0,5.0,8.0,3.0,4.0,8.0,3.0,8.0,6.0,7.0,4.0,8.0,5.0,5.0,5.0,5.0,10.0,5.0,7.0,6.0,6.0
2016-06-28,6.0,6.0,9.0,5.0,6.0,4.0,9.0,6.0,8.0,7.0,7.0,6.0,10.0,8.0,6.0,6.0,8.0,5.0,9.0,10.0,8.0,5.0,2.0,4.0,4.0,8.0,6.0,5.0,6.0,7.0
2016-06-29,6.0,5.0,9.0,4.0,6.0,5.0,11.0,8.0,8.0,9.0,8.0,6.0,4.0,6.0,4.0,4.0,4.0,6.0,6.0,5.0,6.0,7.0,3.0,5.0,4.0,6.0,6.0,5.0,8.0,6.0
2016-06-30,6.0,6.0,7.0,3.0,5.0,5.0,7.0,8.0,11.0,7.0,4.0,4.0,6.0,6.0,7.0,6.0,6.0,5.0,4.0,4.0,7.0,5.0,4.0,6.0,3.0,6.0,7.0,5.0,6.0,6.0
2016-07-01,8.0,6.0,6.0,3.0,5.0,5.0,10.0,6.0,10.0,7.0,6.0,5.0,5.0,5.0,6.0,7.0,8.0,5.0,6.0,5.0,7.0,5.0,3.0,4.0,10.0,10.0,6.0,5.0,12.0,10.0
2016-07-02,8.0,6.0,8.0,5.0,5.0,5.0,9.0,6.0,6.0,7.0,6.0,7.0,6.0,5.0,4.0,5.0,6.0,5.0,7.0,5.0,6.0,5.0,3.0,6.0,3.0,10.0,7.0,7.0,10.0,7.0
2016-07-03,5.0,5.0,6.0,4.0,6.0,4.0,7.0,5.0,11.0,12.0,9.0,9.0,7.0,7.0,5.0,5.0,6.0,4.0,5.0,7.0,4.0,5.0,4.0,4.0,2.0,7.0,4.0,4.0,9.0,7.0
2016-07-04,5.0,7.0,6.0,5.0,6.0,5.0,9.0,8.0,9.0,7.0,8.0,12.0,8.0,5.0,5.0,6.0,6.0,9.0,7.0,5.0,6.0,6.0,5.0,6.0,4.0,6.0,6.0,6.0,7.0,6.0
2016-07-05,7.0,5.0,9.0,6.0,6.0,5.0,9.0,6.0,9.0,9.0,8.0,9.0,7.0,7.0,10.0,3.0,6.0,4.0,4.0,9.0,6.0,6.0,7.0,5.0,4.0,8.0,6.0,6.0,7.0,6.0
2016-07-06,6.0,4.0,9.0,3.0,6.0,4.0,9.0,6.0,7.0,5.0,7.0,10.0,7.0,7.0,9.0,10.0,8.0,7.0,6.0,5.0,7.0,7.0,5.0,6.0,6.0,6.0,5.0,6.0,8.0,8.0
2016-07-07,6.0,5.0,10.0,5.0,6.0,4.0,9.0,6.0,8.0,5.0,8.0,11.0,7.0,10.0,9.0,7.0,7.0,7.0,6.0,6.0,4.0,5.0,6.0,6.0,5.0,5.0,7.0,5.0,6.0,6.0
2016-07-08,4.0,6.0,7.0,8.0,6.0,4.0,10.0,6.0,8.0,9.0,9.0,8.0,8.0,4.0,9.0,5.0,9.0,5.0,7.0,6.0,8.0,5.0,5.0,5.0,6.0,5.0,5.0,6.0,6.0,6.0
2016-07-09,6.0,7.0,10.0,5.0,6.0,5.0,9.0,7.0,9.0,9.0,9.0,10.0,6.0,4.0,6.0,4.0,6.0,8.0,7.0,6.0,7.0,5.0,4.0,5.0,6.0,8.0,5.0,5.0,7.0,6.0
2016-07-10,5.0,5.0,11.0,4.0,6.0,4.0,13.0,8.0,7.0,9.0,9.0,6.0,6.0,6.0,7.0,5.0,6.0,3.0,7.0,3.0,4.0,6.0,3.0,6.0,4.0,8.0,7.0,8.0,6.0,4.0
2016-07-11,6.0,5.0,12.0,5.0,6.0,6.0,9.0,7.0,10.0,6.0,9.0,10.0,8.0,10.0,10.0,6.0,7.0,5.0,5.0,7.0,6.0,7.0,6.0,5.0,3.0,6.0,5.0,6.0,7.0,4.0
2016-07-12,6.0,4.0,11.0,7.0,6.0,4.0,7.0,6.0,11.0,9.0,10.0,11.0,7.0,11.0,9.0,6.0,8.0,5.0,8.0,4.0,7.0,5.0,4.0,6.0,6.0,6.0,5.0,8.0,6.0,6.0
2016-07-13,5.0,5.0,9.0,8.0,6.0,4.0,9.0,7.0,7.0,5.0,10.0,11.0,8.0,9.0,10.0,6.0,6.0,5.0,10.0,6.0,5.0,6.0,3.0,4.0,5.0,7.0,7.0,8.0,7.0,5.0
2016-07-14,2.0,4.0,3.0,4.0,6.0,3.0,6.0,3.0,4.0,4.0,7.0,7.0,5.0,4.0,8.0,5.0,12.0,3.0,8.0,3.0,5.0,6.0,3.0,5.0,5.0,8.0,5.0,6.0,6.0,6.0
2016-07-15,2.0,2.0,2.0,2.0,1.0,1.0,4.0,4.0,3.0,1.0,6.0,5.0,4.0,2.0,5.0,3.0,5.0,2.0,4.0,3.0,5.0,4.0,2.0,5.0,3.0,4.0,5.0,4.0,8.0,5.0
2016-07-16,1.0,2.0,4.0,1.0,1.0,2.0,5.0,4.0,3.0,3.0,5.0,4.0,4.0,5.0,3.0,4.0,4.0,2.0,2.0,2.0,4.0,3.0,3.0,6.0,2.0,3.0,2.0,3.0,5.0,4.0
2016-07-17,1.0,1.0,4.0,2.0,1.0,1.0,4.0,4.0,3.0,3.0,5.0,5.0,4.0,7.0,7.0,5.0,6.0,2.0,3.0,2.0,6.0,4.0,2.0,7.0,1.0,5.0,2.0,2.0,6.0,4.0
2016-07-18,2.0,1.0,3.0,3.0,1.0,2.0,3.0,3.0,3.0,3.0,5.0,5.0,3.0,6.0,4.0,4.0,7.0,1.0,3.0,1.0,6.0,3.0,2.0,7.0,2.0,5.0,5.0,4.0,4.0,4.0
2016-07-19,1.0,1.0,2.0,3.0,1.0,2.0,2.0,3.0,3.0,2.0,4.0,4.0,3.0,4.0,2.0,3.0,7.0,1.0,0.0,0.0,3.0,3.0,1.0,6.0,1.0,3.0,3.0,3.0,1.0,2.0
2016-07-20,1.0,1.0,3.0,3.0,1.0,2.0,2.0,3.0,3.0,2.0,4.0,4.0,3.0,5.0,7.0,5.0,7.0,1.0,2.0,1.0,3.0,3.0,2.0,8.0,1.0,3.0,3.0,3.0,5.0,2.0
2016-07-21,4.0,3.0,8.0,5.0,6.0,5.0,4.0,4.0,4.0,5.0,4.0,5.0,4.0,9.0,6.0,4.0,6.0,4.0,5.0,5.0,8.0,6.0,4.0,7.0,4.0,8.0,5.0,8.0,8.0,4.0
2016-07-22,7.0,9.0,7.0,5.0,6.0,5.0,6.0,5.0,13.0,8.0,6.0,6.0,5.0,10.0,4.0,7.0,6.0,4.0,5.0,4.0,7.0,6.0,5.0,6.0,8.0,9.0,8.0,11.0,10.0,7.0
2016-07-23,4.0,4.0,8.0,4.0,4.0,7.0,8.0,9.0,6.0,7.0,6.0,5.0,5.0,6.0,7.0,4.0,6.0,5.0,4.0,4.0,5.0,6.0,4.0,4.0,5.0,8.0,8.0,10.0,6.0,7.0
2016-07-24,5.0,6.0,7.0,5.0,4.0,6.0,8.0,7.0,11.0,13.0,7.0,6.0,5.0,5.0,8.0,4.0,9.0,4.0,6.0,3.0,5.0,7.0,4.0,6.0,6.0,7.0,6.0,7.0,5.0,6.0
2016-07-25,5.0,6.0,5.0,5.0,6.0,4.0,7.0,9.0,11.0,8.0,7.0,7.0,7.0,6.0,6.0,8.0,11.0,3.0,4.0,3.0,7.0,8.0,5.0,6.0,7.0,7.0,9.0,6.0,5.0,8.0
2016-07-26,6.0,6.0,8.0,4.0,7.0,5.0,8.0,9.0,11.0,12.0,11.0,4.0,7.0,5.0,8.0,4.0,5.0,4.0,4.0,4.0,5.0,7.0,4.0,6.0,3.0,6.0,7.0,7.0,7.0,7.0
2016-07-27,6.0,5.0,7.0,4.0,7.0,4.0,4.0,6.0,10.0,6.0,5.0,7.0,7.0,7.0,16.0,3.0,5.0,5.0,4.0,5.0,5.0,7.0,4.0,6.0,2.0,18.0,5.0,6.0,10.0,5.0
2016-07-28,7.0,6.0,7.0,4.0,5.0,4.0,5.0,7.0,7.0,7.0,10.0,5.0,11.0,5.0,6.0,7.0,6.0,4.0,5.0,6.0,6.0,9.0,8.0,6.0,4.0,5.0,8.0,9.0,7.0,7.0
2016-07-29,4.0,7.0,6.0,5.0,5.0,5.0,9.0,8.0,11.0,5.0,4.0,7.0,6.0,8.0,5.0,4.0,6.0,5.0,6.0,5.0,6.0,5.0,6.0,5.0,3.0,7.0,7.0,6.0,7.0,7.0
2016-07-30,5.0,6.0,6.0,5.0,5.0,5.0,13.0,9.0,6.0,9.0,5.0,6.0,7.0,4.0,5.0,4.0,6.0,6.0,5.0,8.0,5.0,8.0,4.0,6.0,3.0,8.0,6.0,5.0,7.0,7.0
2016-07-31,5.0,8.0,7.0,4.0,6.0,5.0,10.0,9.0,12.0,7.0,6.0,8.0,4.0,5.0,6.0,3.0,6.0,2.0,4.0,7.0,5.0,7.0,5.0,7.0,4.0,7.0,6.0,5.0,7.0,12.0
2016-08-01,6.0,5.0,7.0,3.0,6.0,5.0,12.0,8.0,9.0,8.0,6.0,8.0,5.0,9.0,7.0,3.0,5.0,3.0,4.0,4.0,3.0,9.0,7.0,8.0,5.0,5.0,5.0,7.0,9.0,5.0
2016-08-02,7.0,7.0,8.0,6.0,6.0,5.0,5.0,8.0,15.0,10.0,6.0,7.0,5.0,5.0,5.0,3.0,6.0,5.0,3.0,5.0,4.0,8.0,6.0,9.0,3.0,5.0,6.0,8.0,7.0,7.0
2016-08-03,4.0,7.0,7.0,4.0,6.0,4.0,8.0,6.0,8.0,8.0,6.0,7.0,4.0,6.0,10.0,6.0,4.0,3.0,3.0,2.0,2.0,3.0,3.0,4.0,2.0,3.0,6.0,5.0,5.0,5.0
2016-08-04,5.0,2.0,4.0,5.0,4.0,2.0,3.0,2.0,4.0,3.0,4.0,4.0,4.0,8.0,5.0,4.0,2.0,4.0,2.0,5.0,3.0,3.0,3.0,4.0,2.0,2.0,2.0,2.0,3.0,4.0
2016-08-05,9.0,2.0,3.0,4.0,2.0,2.0,3.0,2.0,4.0,3.0,4.0,5.0,3.0,6.0,5.0,4.0,6.0,10.0,2.0,5.0,5.0,3.0,6.0,5.0,2.0,7.0,3.0,4.0,8.0,5.0
2016-08-06,8.0,2.0,4.0,3.0,2.0,2.0,3.0,2.0,3.0,2.0,3.0,4.0,3.0,6.0,4.0,4.0,4.0,6.0,2.0,5.0,4.0,3.0,3.0,4.0,3.0,6.0,3.0,4.0,6.0,3.0
2016-08-07,5.0,2.0,2.0,2.0,5.0,2.0,3.0,2.0,3.0,2.0,5.0,3.0,3.0,8.0,2.0,3.0,3.0,7.0,3.0,5.0,3.0,5.0,3.0,5.0,2.0,5.0,2.0,3.0,4.0,4.0
2016-08-08,5.0,2.0,2.0,2.0,4.0,4.0,4.0,2.0,3.0,3.0,4.0,4.0,3.0,6.0,5.0,3.0,4.0,6.0,3.0,6.0,3.0,5.0,2.0,7.0,1.0,5.0,2.0,2.0,4.0,4.0
2016-08-09,4.0,1.0,3.0,2.0,3.0,2.0,4.0,3.0,3.0,3.0,6.0,4.0,3.0,4.0,5.0,3.0,4.0,4.0,3.0,6.0,3.0,5.0,4.0,9.0,2.0,3.0,3.0,3.0,1.0,4.0
2016-08-10,4.0,2.0,2.0,3.0,1.0,2.0,4.0,4.0,5.0,6.0,5.0,4.0,3.0,6.0,10.0,2.0,4.0,6.0,3.0,6.0,2.0,5.0,3.0,6.0,2.0,4.0,4.0,3.0,6.0,5.0
2016-08-11,9.0,1.0,2.0,3.0,2.0,2.0,4.0,2.0,4.0,6.0,5.0,4.0,3.0,8.0,9.0,3.0,5.0,6.0,3.0,6.0,4.0,2.0,3.0,5.0,2.0,3.0,3.0,2.0,5.0,3.0
2016-08-12,7.0,1.0,3.0,4.0,2.0,2.0,1.0,2.0,4.0,2.0,5.0,5.0,4.0,8.0,3.0,4.0,5.0,8.0,3.0,4.0,4.0,3.0,4.0,7.0,2.0,5.0,4.0,3.0,3.0,4.0
2016-08-13,8.0,1.0,2.0,3.0,2.0,2.0,2.0,2.0,5.0,2.0,4.0,6.0,4.0,6.0,4.0,3.0,5.0,8.0,4.0,3.0,5.0,3.0,3.0,8.0,4.0,7.0,4.0,3.0,4.0,4.0
2016-08-14,9.0,2.0,2.0,2.0,3.0,3.0,2.0,4.0,5.0,2.0,4.0,5.0,2.0,5.0,3.0,4.0,3.0,7.0,4.0,4.0,3.0,3.0,3.0,10.0,3.0,5.0,4.0,3.0,6.0,3.0
2016-08-15,5.0,2.0,3.0,2.0,2.0,3.0,4.0,3.0,3.0,3.0,3.0,4.0,2.0,4.0,7.0,7.0,5.0,8.0,4.0,3.0,3.0,3.0,2.0,9.0,1.0,3.0,3.0,2.0,4.0,3.0
2016-08-16,6.0,2.0,2.0,4.0,2.0,3.0,3.0,3.0,3.0,1.0,3.0,3.0,3.0,4.0,3.0,4.0,5.0,5.0,6.0,4.0,9.0,3.0,4.0,8.0,3.0,11.0,2.0,4.0,4.0,1.0
2016-08-17,10.0,2.0,3.0,2.0,4.0,2.0,4.0,3.0,4.0,4.0,4.0,4.0,2.0,6.0,2.0,2.0,5.0,5.0,2.0,3.0,3.0,3.0,4.0,7.0,3.0,11.0,4.0,4.0,5.0,2.0
2016-08-18,10.0,1.0,2.0,6.0,2.0,2.0,3.0,3.0,3.0,2.0,4.0,5.0,2.0,6.0,2.0,3.0,3.0,4.0,2.0,4.0,2.0,3.0,3.0,6.0,3.0,3.0,2.0,2.0,4.0,4.0
2016-08-19,7.0,4.0,3.0,3.0,2.0,2.0,2.0,4.0,4.0,3.0,3.0,5.0,3.0,6.0,5.0,3.0,4.0,4.0,3.0,3.0,3.0,3.0,4.0,4.0,2.0,2.0,2.0,2.0,3.0,2.0
2016-08-20,7.0,2.0,8.0,4.0,6.0,6.0,5.0,6.0,8.0,5.0,5.0,6.0,5.0,9.0,7.0,7.0,9.0,6.0,8.0,5.0,9.0,7.0,4.0,5.0,5.0,5.0,5.0,6.0,8.0,5.0
2016-08-21,7.0,5.0,10.0,6.0,6.0,6.0,9.0,8.0,9.0,6.0,6.0,5.0,5.0,4.0,4.0,5.0,6.0,4.0,8.0,6.0,8.0,6.0,7.0,5.0,5.0,10.0,7.0,8.0,11.0,5.0
2016-08-22,9.0,8.0,11.0,4.0,5.0,5.0,11.0,8.0,7.0,7.0,6.0,5.0,7.0,6.0,7.0,4.0,5.0,3.0,4.0,5.0,4.0,6.0,6.0,5.0,3.0,7.0,6.0,11.0,11.0,7.0
2016-08-23,5.0,5.0,8.0,4.0,5.0,5.0,6.0,6.0,10.0,8.0,7.0,9.0,6.0,8.0,8.0,5.0,7.0,1.0,5.0,2.0,5.0,7.0,3.0,6.0,3.0,6.0,3.0,9.0,10.0,6.0
2016-08-24,6.0,5.0,11.0,6.0,5.0,4.0,9.0,3.0,7.0,8.0,5.0,9.0,7.0,8.0,7.0,4.0,7.0,4.0,6.0,5.0,7.0,7.0,5.0,6.0,5.0,6.0,5.0,8.0,10.0,6.0
2016-08-25,6.0,7.0,10.0,6.0,5.0,4.0,8.0,13.0,4.0,7.0,4.0,6.0,4.0,5.0,8.0,4.0,5.0,5.0,7.0,3.0,5.0,7.0,4.0,6.0,5.0,7.0,6.0,8.0,8.0,4.0
2016-08-26,4.0,6.0,8.0,7.0,5.0,4.0,8.0,6.0,7.0,6.0,5.0,6.0,9.0,6.0,6.0,9.0,4.0,5.0,5.0,3.0,4.0,7.0,5.0,6.0,4.0,6.0,3.0,8.0,9.0,5.0
2016-08-27,7.0,4.0,7.0,7.0,6.0,6.0,15.0,10.0,12.0,5.0,4.0,6.0,4.0,6.0,5.0,4.0,6.0,4.0,3.0,6.0,5.0,8.0,5.0,8.0,3.0,7.0,3.0,6.0,7.0,5.0
2016-08-28,9.0,6.0,7.0,4.0,6.0,6.0,4.0,5.0,8.0,7.0,5.0,5.0,11.0,5.0,4.0,7.0,4.0,3.0,5.0,4.0,4.0,7.0,5.0,9.0,6.0,7.0,3.0,6.0,7.0,7.0
2016-08-29,5.0,4.0,9.0,5.0,6.0,6.0,4.0,4.0,11.0,7.0,8.0,5.0,6.0,6.0,6.0,4.0,5.0,4.0,6.0,5.0,4.0,11.0,5.0,6.0,7.0,6.0,5.0,6.0,10.0,7.0
2016-08-30,6.0,4.0,11.0,7.0,5.0,5.0,5.0,5.0,10.0,7.0,6.0,6.0,5.0,3.0,6.0,3.0,6.0,3.0,5.0,6.0,3.0,9.0,5.0,8.0,2.0,7.0,4.0,6.0,10.0,6.0
2016-08-31,6.0,4.0,14.0,6.0,6.0,5.0,6.0,6.0,9.0,5.0,6.0,4.0,8.0,5.0,5.0,6.0,9.0,5.0,6.0,4.0,5.0,5.0,6.0,6.0,2.0,6.0,4.0,6.0,8.0,5.0
2016-09-01,5.0,3.0,14.0,6.0,6.0,4.0,9.0,6.0,9.0,8.0,6.0,7.0,4.0,7.0,3.0,6.0,9.0,7.0,7.0,3.0,6.0,6.0,6.0,8.0,4.0,7.0,4.0,6.0,6.0,4.0
2016-09-02,6.0,5.0,9.0,10.0,5.0,5.0,8.0,6.0,7.0,10.0,7.0,4.0,5.0,5.0,6.0,6.0,8.0,7.0,8.0,7.0,5.0,14.0,8.0,6.0,5.0,6.0,5.0,7.0,6.0,6.0
2016-09-03,4.0,3.0,9.0,6.0,6.0,5.0,12.0,7.0,8.0,6.0,3.0,4.0,4.0,5.0,7.0,4.0,6.0,5.0,6.0,3.0,4.0,7.0,7.0,5.0,3.0,5.0,6.0,7.0,4.0,20.0
2016-09-04,4.0,4.0,11.0,3.0,5.0,5.0,9.0,6.0,9.0,14.0,4.0,5.0,5.0,5.0,6.0,4.0,6.0,4.0,4.0,4.0,3.0,7.0,4.0,5.0,3.0,4.0,6.0,9.0,3.0,9.0
2016-09-05,7.0,4.0,11.0,4.0,6.0,5.0,9.0,5.0,10.0,7.0,7.0,8.0,5.0,8.0,7.0,5.0,8.0,5.0,9.0,3.0,4.0,7.0,3.0,4.0,3.0,3.0,3.0,9.0,3.0,8.0
2016-09-06,5.0,4.0,10.0,5.0,5.0,5.0,6.0,5.0,13.0,6.0,6.0,8.0,7.0,9.0,6.0,5.0,7.0,3.0,7.0,3.0,4.0,5.0,3.0,5.0,3.0,6.0,9.0,10.0,3.0,7.0
2016-09-07,3.0,4.0,10.0,5.0,5.0,4.0,8.0,7.0,5.0,11.0,6.0,8.0,6.0,6.0,4.0,5.0,7.0,4.0,6.0,3.0,4.0,4.0,3.0,6.0,4.0,6.0,7.0,8.0,4.0,5.0
2016-09-08,7.0,5.0,8.0,4.0,6.0,6.0,8.0,6.0,6.0,6.0,6.0,6.0,5.0,8.0,4.0,5.0,6.0,6.0,7.0,3.0,7.0,5.0,2.0,6.0,7.0,7.0,4.0,6.0,4.0,4.0
2016-09-09,6.0,5.0,10.0,5.0,7.0,7.0,6.0,6.0,5.0,8.0,5.0,8.0,10.0,7.0,5.0,7.0,5.0,6.0,6.0,3.0,3.0,5.0,3.0,9.0,4.0,7.0,3.0,5.0,7.0,6.0
2016-09-10,7.0,5.0,10.0,4.0,6.0,6.0,4.0,5.0,13.0,8.0,6.0,7.0,8.0,6.0,6.0,7.0,8.0,12.0,9.0,4.0,6.0,6.0,3.0,6.0,7.0,10.0,4.0,7.0,9.0,8.0
2016-09-11,12.0,5.0,10.0,3.0,5.0,5.0,9.0,5.0,11.0,6.0,4.0,4.0,3.0,6.0,7.0,5.0,6.0,5.0,7.0,4.0,6.0,5.0,5.0,6.0,6.0,9.0,5.0,9.0,14.0,7.0
2016-09-12,7.0,5.0,10.0,7.0,5.0,5.0,9.0,6.0,8.0,7.0,4.0,5.0,4.0,6.0,6.0,4.0,6.0,3.0,4.0,4.0,4.0,6.0,4.0,6.0,2.0,5.0,3.0,7.0,8.0,5.0
2016-09-13,6.0,7.0,8.0,6.0,11.0,5.0,13.0,6.0,8.0,7.0,4.0,6.0,8.0,8.0,6.0,3.0,4.0,4.0,3.0,5.0,6.0,11.0,2.0,8.0,5.0,8.0,5.0,7.0,7.0,5.0
2016-09-14,3.0,7.0,6.0,4.0,5.0,6.0,9.0,7.0,7.0,8.0,4.0,4.0,6.0,7.0,3.0,4.0,6.0,4.0,4.0,4.0,5.0,10.0,3.0,5.0,3.0,8.0,4.0,6.0,8.0,5.0
2016-09-15,5.0,3.0,10.0,4.0,6.0,6.0,4.0,5.0,9.0,7.0,4.0,6.0,5.0,5.0,6.0,4.0,6.0,4.0,5.0,3.0,4.0,5.0,4.0,5.0,5.0,8.0,7.0,7.0,6.0,7.0
2016-09-16,4.0,3.0,10.0,4.0,5.0,5.0,4.0,4.0,8.0,7.0,4.0,4.0,5.0,6.0,5.0,4.0,8.0,6.0,6.0,5.0,5.0,9.0,5.0,3.0,4.0,7.0,4.0,5.0,4.0,7.0
2016-09-17,5.0,4.0,9.0,11.0,5.0,5.0,4.0,4.0,6.0,5.0,4.0,4.0,4.0,4.0,6.0,4.0,8.0,5.0,5.0,4.0,7.0,6.0,3.0,4.0,5.0,8.0,5.0,7.0,6.0,6.0
2016-09-18,8.0,2.0,9.0,7.0,5.0,4.0,3.0,4.0,4.0,4.0,4.0,7.0,2.0,4.0,6.0,2.0,5.0,3.0,3.0,5.0,4.0,4.0,2.0,6.0,5.0,4.0,4.0,6.0,8.0,6.0
2016-09-19,5.0,4.0,4.0,8.0,5.0,4.0,4.0,3.0,4.0,6.0,3.0,2.0,2.0,6.0,7.0,3.0,5.0,3.0,3.0,6.0,3.0,3.0,4.0,3.0,3.0,4.0,4.0,4.0,4.0,4.0
2016-09-20,2.0,1.0,2.0,3.0,4.0,3.0,3.0,3.0,3.0,4.0,3.0,4.0,1.0,3.0,3.0,3.0,4.0,2.0,1.0,3.0,3.0,2.0,6.0,7.0,1.0,4.0,2.0,3.0,7.0,3.0
2016-09-21,3.0,1.0,4.0,2.0,4.0,1.0,3.0,3.0,3.0,7.0,2.0,5.0,1.0,4.0,6.0,3.0,4.0,2.0,2.0,2.0,5.0,2.0,7.0,3.0,2.0,7.0,4.0,4.0,6.0,5.0
2016-09-22,3.0,1.0,6.0,3.0,6.0,12.0,5.0,3.0,7.0,3.0,4.0,3.0,3.0,4.0,5.0,2.0,4.0,4.0,2.0,3.0,3.0,2.0,7.0,4.0,1.0,5.0,2.0,2.0,4.0,4.0
2016-09-23,6.0,3.0,5.0,4.0,8.0,3.0,4.0,2.0,7.0,8.0,4.0,5.0,4.0,4.0,5.0,3.0,4.0,1.0,1.0,4.0,4.0,1.0,5.0,5.0,2.0,5.0,2.0,2.0,5.0,5.0
2016-09-24,8.0,1.0,4.0,3.0,2.0,2.0,3.0,2.0,7.0,14.0,4.0,5.0,4.0,9.0,7.0,2.0,4.0,4.0,2.0,2.0,4.0,2.0,3.0,4.0,2.0,4.0,3.0,4.0,4.0,5.0
2016-09-25,5.0,1.0,2.0,2.0,3.0,6.0,4.0,6.0,8.0,5.0,4.0,5.0,4.0,6.0,8.0,4.0,4.0,5.0,3.0,2.0,4.0,3.0,3.0,5.0,2.0,4.0,2.0,3.0,5.0,6.0
2016-09-26,5.0,1.0,1.0,4.0,3.0,5.0,2.0,4.0,5.0,4.0,5.0,7.0,2.0,5.0,9.0,5.0,8.0,7.0,4.0,3.0,6.0,2.0,4.0,6.0,2.0,6.0,4.0,5.0,4.0,5.0
2016-09-27,14.0,1.0,1.0,3.0,3.0,6.0,2.0,5.0,3.0,3.0,5.0,4.0,3.0,4.0,7.0,5.0,8.0,4.0,4.0,3.0,6.0,2.0,5.0,9.0,2.0,6.0,4.0,5.0,4.0,5.0
2016-09-28,9.0,1.0,2.0,3.0,2.0,4.0,2.0,4.0,2.0,4.0,3.0,2.0,2.0,8.0,6.0,5.0,25.0,7.0,4.0,4.0,4.0,2.0,7.0,5.0,3.0,5.0,5.0,6.0,6.0,6.0
2016-09-29,6.0,1.0,3.0,2.0,2.0,30.0,2.0,4.0,3.0,5.0,4.0,6.0,4.0,6.0,5.0,8.0,6.0,5.0,3.0,3.0,8.0,2.0,5.0,5.0,4.0,8.0,7.0,7.0,7.0,7.0
2016-09-30,2.0,1.0,2.0,1.0,2.0,3.0,2.0,2.0,3.0,3.0,4.0,4.0,3.0,3.0,3.0,6.0,4.0,2.0,2.0,4.0,8.0,2.0,3.0,4.0,4.0,7.0,7.0,6.0,6.0,7.0
